number_of_qubits,process_fidelity
2,0.9905239107009352
2,0.9905503713392
2,0.9900656133916732
2,0.9896821996358716
2,0.9904080000991504
2,0.9898590720086806
2,0.9907184865928244
2,0.9895957642112234
2,0.9899188636569431
2,0.9906215920769872
2,0.9900677024277396
2,0.9891238845220148
2,0.990012462645928
2,0.9912611308759328
2,0.9903027704580434
2,0.9894876309686668
2,0.989530984735345
2,0.9897163610515716
2,0.989758674536155
2,0.9900413709318427
4,0.9464947194132988
4,0.9492932408880465
4,0.9463201771731964
4,0.949087349148498
4,0.9455519663894044
4,0.9453384648323392
4,0.9446739023128012
4,0.9466069898293824
4,0.9468767394315688
4,0.947142123396089
4,0.9468343535612084
4,0.9479464238122104
4,0.9476939813100584
4,0.9474659036675908
4,0.9474234335501732
4,0.947297006753784
4,0.948913039425861
4,0.9475892239388322
4,0.9484579406057524
4,0.9464555479854292
6,0.907824341294709
6,0.9066566702103624
6,0.9097035396787552
6,0.9108041315298248
6,0.9071938872014024
6,0.908678921756692
6,0.9127534282487924
6,0.9113528702223284
6,0.9080245104596784
6,0.9116683398088828
6,0.910121446328322
6,0.908123670033814
6,0.9103677425823032
6,0.9094891795124016
6,0.911736868442564
6,0.9088238908589203
6,0.9098921875598224
6,0.909421123272237
6,0.9071190023082888
6,0.9082250353089492
8,0.8495023715554897
8,0.8421989570324342
8,0.8427457163420259
8,0.8392171743719661
8,0.8423979922434144
8,0.8461835298498046
8,0.8410050919761785
8,0.8389351729624359
8,0.8460660072839336
8,0.8482600851658156
8,0.8404447558062537
8,0.8453034109363103
8,0.8447324827229803
8,0.8456456366382914
8,0.8417862387629168
8,0.8461310058986916
8,0.8482982942639864
8,0.84610623204527
8,0.8442843997365421
8,0.843502205271015
10,0.7749480297259443
10,0.7673464393728828
10,0.7729865958716501
10,0.7758644868624311
10,0.7782153168588304
10,0.774007432476968
10,0.7688620199631576
10,0.7759839885474619
10,0.7710595830442589
10,0.771963021308265
10,0.7737811314507734
10,0.7740497319495919
10,0.7704478446613595
10,0.7719643336604273
10,0.7750995883868675
10,0.7721707511169795
10,0.7745414721755322
10,0.7700335440026987
10,0.768659498945056
10,0.7747673125172037
12,0.6933178333716759
12,0.6856002847080876
12,0.6879322420416332
12,0.6961310086895786
12,0.7012589531082477
12,0.689342140070784
12,0.7015402221762259
12,0.6969064579801482
12,0.6976581358898417
12,0.7080693253230098
12,0.6880055599450097
12,0.698719333898043
12,0.701465156051657
12,0.7099230561990367
12,0.6943769872069627
12,0.6820267408507534
12,0.705146885017694
12,0.6834449573296595
12,0.702580755724264
12,0.7016438014165257
14,0.6086553080982389
14,0.6169231894984769
14,0.607835880908121
14,0.6104085158164885
14,0.6162601594608009
14,0.6147370858359005
14,0.6119793670763405
14,0.6056136548245767
14,0.6050021482653198
14,0.6162709771009006
14,0.6041749913476709
14,0.608293532972396
14,0.6156432476050888
14,0.6023297336036235
14,0.612205166199351
14,0.6095388840066869
14,0.6109021080780385
14,0.6055459179766203
14,0.6112854555986389
14,0.6005992913396084
16,0.5617555751855561
16,0.5661815363853964
16,0.5594061851256874
16,0.5662041841551836
16,0.5578642709866164
16,0.5673699911006352
16,0.5650158212821783
16,0.5810057876368359
16,0.5613947873313838
16,0.5678035758231661
16,0.5705667905552064
16,0.5691210927507924
16,0.5664364698626964
16,0.5609959036402796
16,0.5598629135578158
16,0.5667680940421883
16,0.5612521755526894
16,0.5666010146940729
16,0.5740623255063955
16,0.565613862908888
18,0.48237913976754
18,0.4923693411284882
18,0.48765211828277
18,0.487304836251931
18,0.4741692804865882
18,0.4677600226884895
18,0.4903683408303049
18,0.4912419965208789
18,0.485576735521691
18,0.4775392124117122
18,0.4838884632751191
18,0.4719345946703452
18,0.4897770450513128
18,0.4897426720913976
18,0.4965625488176379
18,0.4840923502206335
18,0.4901206693893296
18,0.4907938227099027
18,0.4957099550691974
18,0.4784514602292147
20,0.4325529059703072
20,0.4375398902713643
20,0.4388656569475251
20,0.4309079017990262
20,0.4240814477677572
20,0.4259796810596794
20,0.4197032307247954
20,0.4246357395245812
20,0.4276475348566755
20,0.429254083915486
20,0.4364493142189146
20,0.4364412253049314
20,0.4176376264818155
20,0.4196824970491651
20,0.4293658583129717
20,0.4299776126808077
20,0.4278823724814495
20,0.4229663902504394
20,0.4253423314545302
20,0.4378393071807395
22,0.351921617305565
22,0.3543604723416959
22,0.3564009713965084
22,0.3659445218196605
22,0.3609348152726107
22,0.3531679195549185
22,0.3569829400228725
22,0.3555681994980438
22,0.3473690765496921
22,0.3548507801990993
22,0.3553950691686375
22,0.3438049763015696
22,0.3636536332553763
22,0.3519953081233711
22,0.3593680695866884
22,0.3525420040844691
22,0.3543332571420287
22,0.3599738268756361
22,0.356040117638645
22,0.3571155882990772
24,0.2476583469040186
24,0.2556616882718513
24,0.2528013913043451
24,0.2523505015600093
24,0.2537446734180074
24,0.2513480739388858
24,0.2497637468888462
24,0.253171080994266
24,0.2490643653245041
24,0.25204334533523
24,0.2492433416424073
24,0.2473597716098138
24,0.251033860922337
24,0.249240180600842
24,0.2508894483696398
24,0.2535693557241406
24,0.2543961514889338
24,0.249603219927661
24,0.2526723564888957
24,0.2491479893981192
26,0.1998352427217659
26,0.1894511864224696
26,0.1942184245085906
26,0.189859405804968
26,0.1898514090879452
26,0.1984867790348096
26,0.1850297702647113
26,0.1913219158842086
26,0.190657481790928
26,0.1844938547176713
26,0.1933256073302303
26,0.1907958417230806
26,0.1976538877192499
26,0.1982407883250578
26,0.1989446149648458
26,0.1968034364121922
26,0.1977553981394595
26,0.2007653729613447
26,0.189791148707722
26,0.1832481316928727
28,0.1619427059267466
28,0.1640315618903545
28,0.1625774454314068
28,0.160783368818478
28,0.1612421870600427
28,0.1605028910423611
28,0.1590748751552464
28,0.1550795593024997
28,0.1626811809662333
28,0.1623423615151654
28,0.1618545749911792
28,0.1585352190253294
28,0.1675054200247204
28,0.1556573047913461
28,0.1647747124766802
28,0.1508774836100261
28,0.165562328976961
28,0.158732314713851
28,0.1603724307417718
28,0.1613910164110779
30,0.1359749281146653
30,0.1360767278318352
30,0.1259696030953199
30,0.1356315340387537
30,0.1280545107755864
30,0.1292021635563795
30,0.1336018540706959
30,0.1359877831351873
30,0.1338500097311894
30,0.1289742969131798
30,0.1318330984107814
30,0.1338356045430759
30,0.1371625766101983
30,0.1214622344493537
30,0.1405098737394831
30,0.1375926669797255
30,0.1312612786200434
30,0.135271145212575
30,0.1333160224108094
30,0.1334763699876998
32,0.1022110681128796
32,0.1031658209048739
32,0.1061343217981244
32,0.1044725340491124
32,0.0969120534895697
32,0.1011839515852971
32,0.0986124635430423
32,0.1034865991274661
32,0.1000203295509579
32,0.0990978933657045
32,0.1042292156188579
32,0.1023922762649527
32,0.111740412280829
32,0.1029064822027524
32,0.1109353606185961
32,0.1078167813276028
32,0.1048801485872002
32,0.1019591002312419
32,0.1130901625730013
32,0.1043343391650107
34,0.0002915620004203
34,0.0005066144016762
34,0.0004727706455444
34,0.0006191829822182
34,0.0007891304046913
34,0.0007382247951723
34,0.0016588806948596
34,0.000163658184677
34,0.0014541606365203
34,0.0004325960750203
34,0.0004484235419037
34,0.0004664668334951
34,0.0010525631034679
34,0.0005113804559345
34,0.0005097994318111
34,0.0005630918748145
34,0.0003709865572477
34,0.0019257012698315
34,0.0007188135838264
34,0.0012318170546869
36,0.0001482674114212
36,0.0002476117785655
36,0.000201276235954
36,0.0003563452716792
36,0.0002458443717697
36,0.0003755306172755
36,0.0008068848870555
36,0.0004347638159745
36,0.0006390835622674
36,0.0003069681251728
36,0.0003922879382575
36,0.0002419908928728
36,0.0002564914397371
36,0.0008256872280873
36,0.0004621457304094
36,0.0002935411435543
36,0.0004231030937064
36,0.0002812080167685
36,0.0003839913360955
36,0.0003051238195631
38,0.0014822912491419
38,0.0006931250500236
38,0.0007098971005358
38,0.0008217802974768
38,0.0003844217507898
38,0.0007749641023117
38,0.0005798243915575
38,0.0004653378963079
38,0.0008479439928175
38,0.0010882488638871
38,0.0009069120078508
38,0.0005772716232099
38,0.0004234415729196
38,0.0010516733317336
38,0.0003091384428759
38,0.0007879918886332
38,0.0005606897454421
38,0.0013546131732452
38,0.0006484659721498
38,0.0003021105162081
40,0.0005693419085978
40,0.0005078259701524
40,0.0008261037416366
40,0.0009229660773345
40,0.0011649135550372
40,0.0009018138778565
40,0.000628009930205
40,0.0010457162739113
40,0.0007853701532881
40,0.000897555916485
40,0.0005690396773865
40,0.0009984974934939
40,0.0010361821702715
40,0.0007167250139132
40,0.0009258448557832
40,0.0010478154268988
40,0.0016614181282164
40,0.0008185328271457
40,0.0008190926062351
40,0.0009454488198556
42,0.0006774436917178
42,0.000211802707854
42,0.0005335597424693
42,0.0006031606425127
42,0.0006781970212754
42,0.0006203002978789
42,0.0003265606034785
42,0.0002525586224505
42,0.0004298326412427
42,0.0007551766272444
42,0.0002891945786597
42,0.0004863998841068
42,0.0002271761698916
42,0.0004366088617556
42,0.0003804985410349
42,0.0003853040834153
42,0.0002950136963909
42,0.000394577414719
42,0.000208137919681
42,0.0005244454762572
44,0.0002393367733152
44,0.0001706653238095
44,0.0001026359247412
44,0.0001896062174529
44,0.0001177979024546
44,7.399859221847442e-05
44,0.000176407686772
44,0.000141595624736
44,0.0002327552996025
44,0.0002363490594156
44,9.013561100348086e-05
44,3.080611687832871e-05
44,0.0002339438092656
44,4.32233380104125e-05
44,6.906177122245452e-05
44,0.00010149186448
44,0.0001017027021449
44,4.349226451601934e-05
44,0.000136435854438
44,2.5625258368540304e-05
46,0.0002397414603891
46,0.000567890729895
46,0.0002348856733644
46,0.0002498249286546
46,0.0001614381125488
46,0.0003614931328142
46,0.0006902528095141
46,0.0001917683113552
46,0.0003476316232694
46,0.0003773722741785
46,4.291342317243301e-05
46,0.0007306654534213
46,0.0004622525298501
46,0.0001575952236174
46,0.0006510855892508
46,0.0001667361624057
46,0.0002109753277611
46,0.0002774378135293
46,0.0003257775302599
46,0.000255912813244
48,0.0001046519145229
48,9.37178720982602e-05
48,0.0001123873791477
48,4.911897475036038e-05
48,0.0002528400662681
48,0.0001406193578712
48,0.0001299657809509
48,9.38619807050856e-05
48,0.0002534925054902
48,5.715998920268971e-05
48,0.0002762601220184
48,2.1910287972115773e-05
48,0.0002448558283841
48,5.791615841194796e-05
48,5.925671053247554e-05
48,0.000192588725582
48,9.655789702273336e-05
48,0.00017382005579
48,8.728100507176864e-05
48,4.156999360753398e-05
50,4.422314549615519e-05
50,3.590096788012952e-05
50,5.974236133877842e-05
50,0.0001171426493601
50,0.0001478718639196
50,0.0001538641830558
50,6.00403424263156e-05
50,0.0001076255390785
50,4.528523014178805e-05
50,0.0001684958490643
50,9.355731053630656e-05
50,5.410763669691087e-05
50,8.856916280372182e-05
50,0.0001003632762559
50,1.5209976359730731e-05
50,4.503894824027822e-05
50,6.068764241258274e-05
50,2.6316244305568024e-06
50,0.0001379099541261
50,8.703014463509279e-05
52,2.853163611803959e-22
52,2.608686641608456e-06
52,2.853163611803959e-22
52,2.608686641608456e-06
52,7.826059924825364e-06
52,2.853163611803959e-22
52,2.853163611803959e-22
52,2.608686641608456e-06
52,2.608686641608456e-06
52,0.0
52,2.853163611803959e-22
52,0.0
52,2.853163611803959e-22
52,2.608686641608456e-06
52,0.0
52,2.608686641608456e-06
52,0.0
52,2.608686641608456e-06
52,2.608686641608456e-06
52,0.0
54,0.0
54,0.0
54,0.0
54,0.0
54,0.0
54,0.0
54,0.0
54,0.0
54,0.0
54,0.0
54,0.0
54,0.0
54,0.0
54,0.0
54,0.0
54,0.0
54,0.0
54,0.0
54,0.0
54,0.0
56,0.0
56,0.0
56,0.0
56,0.0
56,0.0
56,0.0
56,0.0
56,0.0
56,0.0
56,0.0
56,0.0
56,0.0
56,0.0
56,0.0
56,0.0
56,0.0
56,0.0
56,0.0
56,0.0
56,0.0
58,0.0
58,0.0
58,0.0
58,0.0
58,0.0
58,0.0
58,0.0
58,0.0
58,0.0
58,0.0
58,0.0
58,0.0
58,0.0
58,0.0
58,0.0
58,0.0
58,0.0
58,0.0
58,0.0
58,0.0
