,number_of_qubits,qft_variant,process_fidelity
0,2,QCTRLFowlerQFT,0.9842272867132505
1,2,QCTRLFowlerQFT,0.9843274277760002
2,2,QCTRLFowlerQFT,0.9835744537559674
3,2,QCTRLFowlerQFT,0.9834016013712957
4,2,QCTRLFowlerQFT,0.9842772936851446
5,2,QCTRLFowlerQFT,0.9845279673100358
6,2,QCTRLFowlerQFT,0.9833769953028795
7,2,QCTRLFowlerQFT,0.9821694425796991
8,2,QCTRLFowlerQFT,0.9841279934951227
9,2,QCTRLFowlerQFT,0.9855137078766417
10,2,QCTRLFowlerQFT,0.9829413607918545
11,2,QCTRLFowlerQFT,0.9834150221158297
12,2,QCTRLFowlerQFT,0.9842485938590355
13,2,QCTRLFowlerQFT,0.9841796542667897
14,2,QCTRLFowlerQFT,0.9841881775767656
15,2,QCTRLFowlerQFT,0.9836496767482192
16,2,QCTRLFowlerQFT,0.9828382471404205
17,2,QCTRLFowlerQFT,0.9838263096025053
18,2,QCTRLFowlerQFT,0.9836957916424398
19,2,QCTRLFowlerQFT,0.9842557602950344
20,4,QCTRLFowlerQFT,0.9338368489649075
21,4,QCTRLFowlerQFT,0.9295820783853667
22,4,QCTRLFowlerQFT,0.936057581977386
23,4,QCTRLFowlerQFT,0.9350678500252171
24,4,QCTRLFowlerQFT,0.9349175551306169
25,4,QCTRLFowlerQFT,0.9365092318623277
26,4,QCTRLFowlerQFT,0.934643657544671
27,4,QCTRLFowlerQFT,0.934443724980356
28,4,QCTRLFowlerQFT,0.9336769505975364
29,4,QCTRLFowlerQFT,0.9356825730524364
30,4,QCTRLFowlerQFT,0.9345937047914368
31,4,QCTRLFowlerQFT,0.9334734115800951
32,4,QCTRLFowlerQFT,0.9303227315948854
33,4,QCTRLFowlerQFT,0.9351668015043266
34,4,QCTRLFowlerQFT,0.9282384929470306
35,4,QCTRLFowlerQFT,0.9376761366132855
36,4,QCTRLFowlerQFT,0.9335644853755803
37,4,QCTRLFowlerQFT,0.9352913313591065
38,4,QCTRLFowlerQFT,0.9325962966883005
39,4,QCTRLFowlerQFT,0.9287529900610083
40,6,QCTRLFowlerQFT,0.8956593812889605
41,6,QCTRLFowlerQFT,0.9037753236256233
42,6,QCTRLFowlerQFT,0.894132750783947
43,6,QCTRLFowlerQFT,0.890764506764096
44,6,QCTRLFowlerQFT,0.8952079211094152
45,6,QCTRLFowlerQFT,0.9010146050939156
46,6,QCTRLFowlerQFT,0.89925519106869
47,6,QCTRLFowlerQFT,0.8992153110531693
48,6,QCTRLFowlerQFT,0.9030729091263621
49,6,QCTRLFowlerQFT,0.9045771172952971
50,6,QCTRLFowlerQFT,0.9065227161578155
51,6,QCTRLFowlerQFT,0.9019101167364776
52,6,QCTRLFowlerQFT,0.8968664314497654
53,6,QCTRLFowlerQFT,0.8998582446820068
54,6,QCTRLFowlerQFT,0.8886756443797029
55,6,QCTRLFowlerQFT,0.898704064324147
56,6,QCTRLFowlerQFT,0.8994164118485651
57,6,QCTRLFowlerQFT,0.8980649983707801
58,6,QCTRLFowlerQFT,0.8945080905484216
59,6,QCTRLFowlerQFT,0.9010898419901421
60,8,QCTRLFowlerQFT,0.818276561503689
61,8,QCTRLFowlerQFT,0.8162245477764063
62,8,QCTRLFowlerQFT,0.8174506895062357
63,8,QCTRLFowlerQFT,0.8181259905410063
64,8,QCTRLFowlerQFT,0.8181146070601248
65,8,QCTRLFowlerQFT,0.8087280894503671
66,8,QCTRLFowlerQFT,0.8213365600709496
67,8,QCTRLFowlerQFT,0.8099335412143197
68,8,QCTRLFowlerQFT,0.8150423973753975
69,8,QCTRLFowlerQFT,0.8085430108797804
70,8,QCTRLFowlerQFT,0.8121177219185626
71,8,QCTRLFowlerQFT,0.8146400078280137
72,8,QCTRLFowlerQFT,0.8170415820713886
73,8,QCTRLFowlerQFT,0.822537284564051
74,8,QCTRLFowlerQFT,0.819318881576389
75,8,QCTRLFowlerQFT,0.813049938178372
76,8,QCTRLFowlerQFT,0.8148789234266376
77,8,QCTRLFowlerQFT,0.8169128557248138
78,8,QCTRLFowlerQFT,0.8128385277861224
79,8,QCTRLFowlerQFT,0.8157599361122188
80,10,QCTRLFowlerQFT,0.7374565344587911
81,10,QCTRLFowlerQFT,0.7336141218618489
82,10,QCTRLFowlerQFT,0.7345130204986963
83,10,QCTRLFowlerQFT,0.7408625403212119
84,10,QCTRLFowlerQFT,0.7380662340257832
85,10,QCTRLFowlerQFT,0.7422306722102867
86,10,QCTRLFowlerQFT,0.7335280628764834
87,10,QCTRLFowlerQFT,0.7393648242593573
88,10,QCTRLFowlerQFT,0.7372154650067285
89,10,QCTRLFowlerQFT,0.7414981539797915
90,10,QCTRLFowlerQFT,0.7358055654663308
91,10,QCTRLFowlerQFT,0.734968228562345
92,10,QCTRLFowlerQFT,0.7355670702317852
93,10,QCTRLFowlerQFT,0.7431726143859174
94,10,QCTRLFowlerQFT,0.7334175167597405
95,10,QCTRLFowlerQFT,0.7281800957039468
96,10,QCTRLFowlerQFT,0.7405399245458839
97,10,QCTRLFowlerQFT,0.7398511113032014
98,10,QCTRLFowlerQFT,0.7382821099513539
99,10,QCTRLFowlerQFT,0.7375148898679024
100,12,QCTRLFowlerQFT,0.6565704685781538
101,12,QCTRLFowlerQFT,0.668734598536041
102,12,QCTRLFowlerQFT,0.6598824426299293
103,12,QCTRLFowlerQFT,0.6627380946201532
104,12,QCTRLFowlerQFT,0.6571395096767764
105,12,QCTRLFowlerQFT,0.6558589980835738
106,12,QCTRLFowlerQFT,0.6614209236237318
107,12,QCTRLFowlerQFT,0.6531845991455777
108,12,QCTRLFowlerQFT,0.6609123133235968
109,12,QCTRLFowlerQFT,0.6664661053593283
110,12,QCTRLFowlerQFT,0.6586329779314383
111,12,QCTRLFowlerQFT,0.6555750336987796
112,12,QCTRLFowlerQFT,0.6607176822213872
113,12,QCTRLFowlerQFT,0.6560619438099717
114,12,QCTRLFowlerQFT,0.6583956394911263
115,12,QCTRLFowlerQFT,0.659306570081333
116,12,QCTRLFowlerQFT,0.6608506090843731
117,12,QCTRLFowlerQFT,0.6635113078054445
118,12,QCTRLFowlerQFT,0.6573721067298354
119,12,QCTRLFowlerQFT,0.6599245445617716
120,14,QCTRLFowlerQFT,0.5616317404567286
121,14,QCTRLFowlerQFT,0.5617726203538467
122,14,QCTRLFowlerQFT,0.5608030371236661
123,14,QCTRLFowlerQFT,0.5631374541827933
124,14,QCTRLFowlerQFT,0.5712823046170041
125,14,QCTRLFowlerQFT,0.5618096896828311
126,14,QCTRLFowlerQFT,0.5709493728808499
127,14,QCTRLFowlerQFT,0.5614787533709172
128,14,QCTRLFowlerQFT,0.5642911541917973
129,14,QCTRLFowlerQFT,0.5559961965710796
130,14,QCTRLFowlerQFT,0.563755321834251
131,14,QCTRLFowlerQFT,0.560382561149529
132,14,QCTRLFowlerQFT,0.5561642789973172
133,14,QCTRLFowlerQFT,0.5689591204981658
134,14,QCTRLFowlerQFT,0.5648415673034867
135,14,QCTRLFowlerQFT,0.5690490386477071
136,14,QCTRLFowlerQFT,0.5649449893288145
137,14,QCTRLFowlerQFT,0.5662663187085596
138,14,QCTRLFowlerQFT,0.5671624853240025
139,14,QCTRLFowlerQFT,0.5597720983270046
140,16,QCTRLFowlerQFT,0.5363896051077154
141,16,QCTRLFowlerQFT,0.527598860255904
142,16,QCTRLFowlerQFT,0.5274315743006909
143,16,QCTRLFowlerQFT,0.5272932378530775
144,16,QCTRLFowlerQFT,0.5232173622087959
145,16,QCTRLFowlerQFT,0.5306589370856255
146,16,QCTRLFowlerQFT,0.5321480341194074
147,16,QCTRLFowlerQFT,0.5219362561514023
148,16,QCTRLFowlerQFT,0.5192124568702761
149,16,QCTRLFowlerQFT,0.5270113454363791
150,16,QCTRLFowlerQFT,0.5277334237424376
151,16,QCTRLFowlerQFT,0.5245575141659716
152,16,QCTRLFowlerQFT,0.5263000424556135
153,16,QCTRLFowlerQFT,0.5249930910246926
154,16,QCTRLFowlerQFT,0.5143959233564103
155,16,QCTRLFowlerQFT,0.5227870080500389
156,16,QCTRLFowlerQFT,0.5257923997152486
157,16,QCTRLFowlerQFT,0.5213826902034854
158,16,QCTRLFowlerQFT,0.5341561728477626
159,16,QCTRLFowlerQFT,0.5257559399033281
160,18,QCTRLFowlerQFT,0.436007322665409
161,18,QCTRLFowlerQFT,0.44674874083744454
162,18,QCTRLFowlerQFT,0.4362965130139254
163,18,QCTRLFowlerQFT,0.43848528178302404
164,18,QCTRLFowlerQFT,0.4426189727307617
165,18,QCTRLFowlerQFT,0.4391664252410737
166,18,QCTRLFowlerQFT,0.45604818940619324
167,18,QCTRLFowlerQFT,0.43103743793263555
168,18,QCTRLFowlerQFT,0.45722768023128274
169,18,QCTRLFowlerQFT,0.43496846214820206
170,18,QCTRLFowlerQFT,0.4289441421025271
171,18,QCTRLFowlerQFT,0.4444255872132091
172,18,QCTRLFowlerQFT,0.4415715626033174
173,18,QCTRLFowlerQFT,0.43686912481843476
174,18,QCTRLFowlerQFT,0.4472879061523894
175,18,QCTRLFowlerQFT,0.44638596243757733
176,18,QCTRLFowlerQFT,0.4356292836618747
177,18,QCTRLFowlerQFT,0.4486194139745378
178,18,QCTRLFowlerQFT,0.4381428473281087
179,18,QCTRLFowlerQFT,0.4332088628677276
180,20,QCTRLFowlerQFT,0.37029682512639966
181,20,QCTRLFowlerQFT,0.36345626417905114
182,20,QCTRLFowlerQFT,0.35482388394272596
183,20,QCTRLFowlerQFT,0.35056905740808825
184,20,QCTRLFowlerQFT,0.3524482261242011
185,20,QCTRLFowlerQFT,0.3546361374820379
186,20,QCTRLFowlerQFT,0.3579514789369955
187,20,QCTRLFowlerQFT,0.35902321287334427
188,20,QCTRLFowlerQFT,0.3565667779443875
189,20,QCTRLFowlerQFT,0.3575804805292104
190,20,QCTRLFowlerQFT,0.36276312662363464
191,20,QCTRLFowlerQFT,0.3619586015353685
192,20,QCTRLFowlerQFT,0.3622362455187371
193,20,QCTRLFowlerQFT,0.36418852241572097
194,20,QCTRLFowlerQFT,0.36033153092983666
195,20,QCTRLFowlerQFT,0.35672811039890867
196,20,QCTRLFowlerQFT,0.35219695811985136
197,20,QCTRLFowlerQFT,0.3643350868125743
198,20,QCTRLFowlerQFT,0.3606715217893897
199,20,QCTRLFowlerQFT,0.36160346150121586
200,22,QCTRLFowlerQFT,0.2573260562863136
201,22,QCTRLFowlerQFT,0.2618202130492295
202,22,QCTRLFowlerQFT,0.25673002648691584
203,22,QCTRLFowlerQFT,0.2605562867778628
204,22,QCTRLFowlerQFT,0.2595766573140637
205,22,QCTRLFowlerQFT,0.2616187442612813
206,22,QCTRLFowlerQFT,0.2639649759949593
207,22,QCTRLFowlerQFT,0.2573757224046633
208,22,QCTRLFowlerQFT,0.2597926772720655
209,22,QCTRLFowlerQFT,0.2554717937047969
210,22,QCTRLFowlerQFT,0.26033451265219865
211,22,QCTRLFowlerQFT,0.26589650882722843
212,22,QCTRLFowlerQFT,0.26148151517605
213,22,QCTRLFowlerQFT,0.26114922695617254
214,22,QCTRLFowlerQFT,0.25788341462651604
215,22,QCTRLFowlerQFT,0.2609401677549622
216,22,QCTRLFowlerQFT,0.263345333022745
217,22,QCTRLFowlerQFT,0.2584757145822715
218,22,QCTRLFowlerQFT,0.2585289369632444
219,22,QCTRLFowlerQFT,0.2558605955760592
220,24,QCTRLFowlerQFT,0.20765418581413805
221,24,QCTRLFowlerQFT,0.20092236258004753
222,24,QCTRLFowlerQFT,0.20233715936701893
223,24,QCTRLFowlerQFT,0.19876784161072322
224,24,QCTRLFowlerQFT,0.2027513971680495
225,24,QCTRLFowlerQFT,0.21049963359929375
226,24,QCTRLFowlerQFT,0.2068588558353885
227,24,QCTRLFowlerQFT,0.20763992442599336
228,24,QCTRLFowlerQFT,0.20665772331661456
229,24,QCTRLFowlerQFT,0.19578893224436417
230,24,QCTRLFowlerQFT,0.20275475366441345
231,24,QCTRLFowlerQFT,0.1965754972459765
232,24,QCTRLFowlerQFT,0.19722825271996247
233,24,QCTRLFowlerQFT,0.21137087749403846
234,24,QCTRLFowlerQFT,0.198395538845531
235,24,QCTRLFowlerQFT,0.20124979572918017
236,24,QCTRLFowlerQFT,0.2079855932517742
237,24,QCTRLFowlerQFT,0.20686683369909636
238,24,QCTRLFowlerQFT,0.20621385289780794
239,24,QCTRLFowlerQFT,0.20213168494714903
240,26,QCTRLFowlerQFT,0.18872120524016048
241,26,QCTRLFowlerQFT,0.19020218071681586
242,26,QCTRLFowlerQFT,0.18733238336865662
243,26,QCTRLFowlerQFT,0.19256855937152612
244,26,QCTRLFowlerQFT,0.19137900594979407
245,26,QCTRLFowlerQFT,0.19337691898797457
246,26,QCTRLFowlerQFT,0.19527435430339488
247,26,QCTRLFowlerQFT,0.19075880533463468
248,26,QCTRLFowlerQFT,0.1918979639724799
249,26,QCTRLFowlerQFT,0.1916354671624441
250,26,QCTRLFowlerQFT,0.18305672805897696
251,26,QCTRLFowlerQFT,0.18975476668787836
252,26,QCTRLFowlerQFT,0.18834840538700318
253,26,QCTRLFowlerQFT,0.18689982075748404
254,26,QCTRLFowlerQFT,0.186621288340486
255,26,QCTRLFowlerQFT,0.19224186668139095
256,26,QCTRLFowlerQFT,0.1914245542752243
257,26,QCTRLFowlerQFT,0.1886757384861786
258,26,QCTRLFowlerQFT,0.18773108209871442
259,26,QCTRLFowlerQFT,0.1920641086578288
260,28,QCTRLFowlerQFT,0.13584501235062468
261,28,QCTRLFowlerQFT,0.13648674010002515
262,28,QCTRLFowlerQFT,0.13824593628647452
263,28,QCTRLFowlerQFT,0.13549185591547785
264,28,QCTRLFowlerQFT,0.14069068623621375
265,28,QCTRLFowlerQFT,0.13777101086498067
266,28,QCTRLFowlerQFT,0.13347600055755546
267,28,QCTRLFowlerQFT,0.14273424908592347
268,28,QCTRLFowlerQFT,0.13781964604723548
269,28,QCTRLFowlerQFT,0.13732590576975343
270,28,QCTRLFowlerQFT,0.135860413587778
271,28,QCTRLFowlerQFT,0.14121411748014537
272,28,QCTRLFowlerQFT,0.13659581161958498
273,28,QCTRLFowlerQFT,0.13804206439064337
274,28,QCTRLFowlerQFT,0.13218245241220528
275,28,QCTRLFowlerQFT,0.13372351241610844
276,28,QCTRLFowlerQFT,0.14056447929298294
277,28,QCTRLFowlerQFT,0.14384559290729532
278,28,QCTRLFowlerQFT,0.14134637088175567
279,28,QCTRLFowlerQFT,0.13621301706783132
280,30,QCTRLFowlerQFT,0.09738347062743367
281,30,QCTRLFowlerQFT,0.10001614671134679
282,30,QCTRLFowlerQFT,0.09724983081639202
283,30,QCTRLFowlerQFT,0.09353563993325745
284,30,QCTRLFowlerQFT,0.09823988685472687
285,30,QCTRLFowlerQFT,0.09746393041653299
286,30,QCTRLFowlerQFT,0.10392572871419432
287,30,QCTRLFowlerQFT,0.09469944744725388
288,30,QCTRLFowlerQFT,0.09651525878168132
289,30,QCTRLFowlerQFT,0.0953761179263354
290,30,QCTRLFowlerQFT,0.09935603481945061
291,30,QCTRLFowlerQFT,0.10051197404386358
292,30,QCTRLFowlerQFT,0.09299244589931696
293,30,QCTRLFowlerQFT,0.09560438228747013
294,30,QCTRLFowlerQFT,0.09794448040114202
295,30,QCTRLFowlerQFT,0.09435114287693121
296,30,QCTRLFowlerQFT,0.0924106635218695
297,30,QCTRLFowlerQFT,0.09517614550710606
298,30,QCTRLFowlerQFT,0.09430771434081524
299,30,QCTRLFowlerQFT,0.09517032591026675
300,32,QCTRLFowlerQFT,0.06742416166912144
301,32,QCTRLFowlerQFT,0.06983970687742341
302,32,QCTRLFowlerQFT,0.0701711566401621
303,32,QCTRLFowlerQFT,0.06947569275700012
304,32,QCTRLFowlerQFT,0.06687275528777437
305,32,QCTRLFowlerQFT,0.06619617705780619
306,32,QCTRLFowlerQFT,0.06844453713721757
307,32,QCTRLFowlerQFT,0.06826803669868887
308,32,QCTRLFowlerQFT,0.06395429959616684
309,32,QCTRLFowlerQFT,0.0655687734789235
310,32,QCTRLFowlerQFT,0.07003553957665759
311,32,QCTRLFowlerQFT,0.0670730854699048
312,32,QCTRLFowlerQFT,0.0668415852466527
313,32,QCTRLFowlerQFT,0.06694698456195086
314,32,QCTRLFowlerQFT,0.06883853091865312
315,32,QCTRLFowlerQFT,0.06913484065836048
316,32,QCTRLFowlerQFT,0.0701954977377841
317,32,QCTRLFowlerQFT,0.06827358087721497
318,32,QCTRLFowlerQFT,0.06788046729881526
319,32,QCTRLFowlerQFT,0.06884861852096039
320,34,QCTRLFowlerQFT,0.04172248134229296
321,34,QCTRLFowlerQFT,0.04239609210026865
322,34,QCTRLFowlerQFT,0.04337741563804056
323,34,QCTRLFowlerQFT,0.04284753117302815
324,34,QCTRLFowlerQFT,0.045881630666204584
325,34,QCTRLFowlerQFT,0.042475321029202276
326,34,QCTRLFowlerQFT,0.04275037755831144
327,34,QCTRLFowlerQFT,0.04384406183308507
328,34,QCTRLFowlerQFT,0.04308113170327922
329,34,QCTRLFowlerQFT,0.04328754652845733
330,34,QCTRLFowlerQFT,0.04352041243440407
331,34,QCTRLFowlerQFT,0.04403048311388159
332,34,QCTRLFowlerQFT,0.042463335222517204
333,34,QCTRLFowlerQFT,0.044976665753399425
334,34,QCTRLFowlerQFT,0.038375225849922846
335,34,QCTRLFowlerQFT,0.044640964334067244
336,34,QCTRLFowlerQFT,0.03999718088277822
337,34,QCTRLFowlerQFT,0.041713295003793074
338,34,QCTRLFowlerQFT,0.040201957268135066
339,34,QCTRLFowlerQFT,0.04327057179955243
340,36,QCTRLFowlerQFT,0.032928835167909516
341,36,QCTRLFowlerQFT,0.03580980499245452
342,36,QCTRLFowlerQFT,0.0301780744068754
343,36,QCTRLFowlerQFT,0.034450123250958455
344,36,QCTRLFowlerQFT,0.03671865350148849
345,36,QCTRLFowlerQFT,0.03321097605563141
346,36,QCTRLFowlerQFT,0.034828347558400995
347,36,QCTRLFowlerQFT,0.03588860013856238
348,36,QCTRLFowlerQFT,0.033510011230919984
349,36,QCTRLFowlerQFT,0.03600884714843528
350,36,QCTRLFowlerQFT,0.0355671788151088
351,36,QCTRLFowlerQFT,0.037584156844799245
352,36,QCTRLFowlerQFT,0.03131884560280974
353,36,QCTRLFowlerQFT,0.03386461121043654
354,36,QCTRLFowlerQFT,0.03499794279363703
355,36,QCTRLFowlerQFT,0.03381921658385196
356,36,QCTRLFowlerQFT,0.03249752371597739
357,36,QCTRLFowlerQFT,0.033502723336536366
358,36,QCTRLFowlerQFT,0.03336232238243832
359,36,QCTRLFowlerQFT,0.031954013920162276
360,38,QCTRLFowlerQFT,0.019496680154076174
361,38,QCTRLFowlerQFT,0.02115753702373939
362,38,QCTRLFowlerQFT,0.020530337607146003
363,38,QCTRLFowlerQFT,0.021994689023142753
364,38,QCTRLFowlerQFT,0.018752235183519768
365,38,QCTRLFowlerQFT,0.019983929361949856
366,38,QCTRLFowlerQFT,0.018879591210267607
367,38,QCTRLFowlerQFT,0.02135856208329588
368,38,QCTRLFowlerQFT,0.02188246823227262
369,38,QCTRLFowlerQFT,0.020610765667855052
370,38,QCTRLFowlerQFT,0.020312850069486542
371,38,QCTRLFowlerQFT,0.021501874278120107
372,38,QCTRLFowlerQFT,0.022828720771893487
373,38,QCTRLFowlerQFT,0.018949994621707305
374,38,QCTRLFowlerQFT,0.02028353908903287
375,38,QCTRLFowlerQFT,0.021275499042436474
376,38,QCTRLFowlerQFT,0.020482439057704444
377,38,QCTRLFowlerQFT,0.01900043787948975
378,38,QCTRLFowlerQFT,0.0212404908899768
379,38,QCTRLFowlerQFT,0.0205803558414187
380,40,QCTRLFowlerQFT,0.0004725391338279895
381,40,QCTRLFowlerQFT,0.000436186157809792
382,40,QCTRLFowlerQFT,0.0003992589587442176
383,40,QCTRLFowlerQFT,0.0004469209243172418
384,40,QCTRLFowlerQFT,0.0005581121389869453
385,40,QCTRLFowlerQFT,0.0004633534125349993
386,40,QCTRLFowlerQFT,0.0004229375316377067
387,40,QCTRLFowlerQFT,0.0006870041128587945
388,40,QCTRLFowlerQFT,0.0012865818880305009
389,40,QCTRLFowlerQFT,0.0005445642085713564
390,40,QCTRLFowlerQFT,0.0006744548611075038
391,40,QCTRLFowlerQFT,0.00033013333417215797
392,40,QCTRLFowlerQFT,0.0004931653589888082
393,40,QCTRLFowlerQFT,0.0005787675150475602
394,40,QCTRLFowlerQFT,0.0006412538582100607
395,40,QCTRLFowlerQFT,0.0010076678444651663
396,40,QCTRLFowlerQFT,0.0008792099196468069
397,40,QCTRLFowlerQFT,0.0010273619362143552
398,40,QCTRLFowlerQFT,0.0005637905831619224
399,40,QCTRLFowlerQFT,0.0007191753279395308
400,42,QCTRLFowlerQFT,0.0001592247443172391
401,42,QCTRLFowlerQFT,0.00010717213611723734
402,42,QCTRLFowlerQFT,4.780215188996687e-05
403,42,QCTRLFowlerQFT,3.058713835828729e-05
404,42,QCTRLFowlerQFT,-2.853163611803959e-22
405,42,QCTRLFowlerQFT,0.0001532173807951671
406,42,QCTRLFowlerQFT,3.6700782453221875e-05
407,42,QCTRLFowlerQFT,1.7795126520891442e-05
408,42,QCTRLFowlerQFT,0.0
409,42,QCTRLFowlerQFT,4.081680182071807e-05
410,42,QCTRLFowlerQFT,0.00011197320335867318
411,42,QCTRLFowlerQFT,6.210102465177307e-06
412,42,QCTRLFowlerQFT,0.00012868546092734064
413,42,QCTRLFowlerQFT,0.0002127589203351515
414,42,QCTRLFowlerQFT,0.00014065252356265117
415,42,QCTRLFowlerQFT,1.7795126520891442e-05
416,42,QCTRLFowlerQFT,7.870464397510924e-06
417,42,QCTRLFowlerQFT,0.00018557955090556862
418,42,QCTRLFowlerQFT,-2.282530889443167e-21
419,42,QCTRLFowlerQFT,7.852699489335444e-05
420,44,QCTRLFowlerQFT,0.00013926775967582484
421,44,QCTRLFowlerQFT,0.0003126051544542367
422,44,QCTRLFowlerQFT,0.000268598476833605
423,44,QCTRLFowlerQFT,0.00020254241496187904
424,44,QCTRLFowlerQFT,7.10464306301601e-05
425,44,QCTRLFowlerQFT,7.026024915164736e-05
426,44,QCTRLFowlerQFT,0.00030439494383149623
427,44,QCTRLFowlerQFT,0.00019553161240475894
428,44,QCTRLFowlerQFT,0.00016785908536721245
429,44,QCTRLFowlerQFT,5.278937007061152e-05
430,44,QCTRLFowlerQFT,0.0003116669062792976
431,44,QCTRLFowlerQFT,0.0001341327741746446
432,44,QCTRLFowlerQFT,5.2507093560560175e-05
433,44,QCTRLFowlerQFT,8.874915057874805e-05
434,44,QCTRLFowlerQFT,0.00020141203022955921
435,44,QCTRLFowlerQFT,6.677581880898558e-05
436,44,QCTRLFowlerQFT,0.0001919629732610721
437,44,QCTRLFowlerQFT,6.46270770220043e-05
438,44,QCTRLFowlerQFT,0.00011399492462849972
439,44,QCTRLFowlerQFT,6.798946882992195e-05
440,46,QCTRLFowlerQFT,0.0003342996608169738
441,46,QCTRLFowlerQFT,0.0003944143069002175
442,46,QCTRLFowlerQFT,0.0001936616221014697
443,46,QCTRLFowlerQFT,6.421155020253608e-05
444,46,QCTRLFowlerQFT,0.00021035825522262432
445,46,QCTRLFowlerQFT,0.0001002680102045184
446,46,QCTRLFowlerQFT,0.00011760019573626847
447,46,QCTRLFowlerQFT,0.00048721676627127506
448,46,QCTRLFowlerQFT,0.0006220937018896389
449,46,QCTRLFowlerQFT,0.0003292449013222643
450,46,QCTRLFowlerQFT,0.00017443447012612502
451,46,QCTRLFowlerQFT,0.0002589716223608563
452,46,QCTRLFowlerQFT,7.819129285616134e-05
453,46,QCTRLFowlerQFT,0.0001079346892325047
454,46,QCTRLFowlerQFT,0.00020416075338662644
455,46,QCTRLFowlerQFT,0.00025522097894423764
456,46,QCTRLFowlerQFT,0.0002220792721055207
457,46,QCTRLFowlerQFT,0.00026451726346624505
458,46,QCTRLFowlerQFT,0.00023805961620478497
459,46,QCTRLFowlerQFT,0.00031928893795069133
460,48,QCTRLFowlerQFT,0.00016492269821332905
461,48,QCTRLFowlerQFT,0.00011603424182951783
462,48,QCTRLFowlerQFT,0.00021415142770198566
463,48,QCTRLFowlerQFT,0.0001484013438485203
464,48,QCTRLFowlerQFT,0.00011380779437957108
465,48,QCTRLFowlerQFT,0.0002475409974944976
466,48,QCTRLFowlerQFT,0.0003120406255000106
467,48,QCTRLFowlerQFT,0.00020653197180697173
468,48,QCTRLFowlerQFT,0.00015027731701065155
469,48,QCTRLFowlerQFT,0.0003838870977515675
470,48,QCTRLFowlerQFT,0.00016440912207319312
471,48,QCTRLFowlerQFT,0.00012340279174986423
472,48,QCTRLFowlerQFT,0.00017916965413287676
473,48,QCTRLFowlerQFT,0.00011966346956323508
474,48,QCTRLFowlerQFT,0.00024217630617103122
475,48,QCTRLFowlerQFT,0.00021275529628345233
476,48,QCTRLFowlerQFT,0.00014501541323996218
477,48,QCTRLFowlerQFT,0.00011434114902521718
478,48,QCTRLFowlerQFT,0.00032644831595133336
479,48,QCTRLFowlerQFT,5.4588901829557124e-05
480,50,QCTRLFowlerQFT,2.631906144707703e-06
481,50,QCTRLFowlerQFT,0.0
482,50,QCTRLFowlerQFT,0.0
483,50,QCTRLFowlerQFT,2.631906144707703e-06
484,50,QCTRLFowlerQFT,2.631578947368421e-06
485,50,QCTRLFowlerQFT,0.0
486,50,QCTRLFowlerQFT,2.6322333827290643e-06
487,50,QCTRLFowlerQFT,7.89604567214447e-06
488,50,QCTRLFowlerQFT,0.0
489,50,QCTRLFowlerQFT,2.631906144707703e-06
490,50,QCTRLFowlerQFT,7.896700148187193e-06
491,50,QCTRLFowlerQFT,7.89604567214447e-06
492,50,QCTRLFowlerQFT,2.6322333827290643e-06
493,50,QCTRLFowlerQFT,0.0
494,50,QCTRLFowlerQFT,2.6322333827290643e-06
495,50,QCTRLFowlerQFT,0.0
496,50,QCTRLFowlerQFT,7.895391236783826e-06
497,50,QCTRLFowlerQFT,1.579045527622837e-05
498,50,QCTRLFowlerQFT,1.5792418582310303e-05
499,50,QCTRLFowlerQFT,1.5792418582310303e-05
500,52,QCTRLFowlerQFT,-2.853163611803959e-22
501,52,QCTRLFowlerQFT,-2.853163611803959e-22
502,52,QCTRLFowlerQFT,0.0
503,52,QCTRLFowlerQFT,2.6234514691032673e-06
504,52,QCTRLFowlerQFT,7.88659662599798e-06
505,52,QCTRLFowlerQFT,2.626699912840903e-05
506,52,QCTRLFowlerQFT,-2.853163611803959e-22
507,52,QCTRLFowlerQFT,2.631572578447355e-06
508,52,QCTRLFowlerQFT,-2.853163611803959e-22
509,52,QCTRLFowlerQFT,2.633204342184328e-05
510,52,QCTRLFowlerQFT,0.0
511,52,QCTRLFowlerQFT,0.0
512,52,QCTRLFowlerQFT,1.5813874217397945e-05
513,52,QCTRLFowlerQFT,2.631572578447355e-06
514,52,QCTRLFowlerQFT,0.0
515,52,QCTRLFowlerQFT,0.0
516,52,QCTRLFowlerQFT,2.6234514691032673e-06
517,52,QCTRLFowlerQFT,0.0
518,52,QCTRLFowlerQFT,1.581387421739796e-05
519,52,QCTRLFowlerQFT,0.0
520,54,QCTRLFowlerQFT,0.0
521,54,QCTRLFowlerQFT,2.6366312473177134e-06
522,54,QCTRLFowlerQFT,2.637644617241336e-05
523,54,QCTRLFowlerQFT,1.5804630584058402e-05
524,54,QCTRLFowlerQFT,1.5834973483091804e-05
525,54,QCTRLFowlerQFT,0.0
526,54,QCTRLFowlerQFT,1.5804630584058402e-05
527,54,QCTRLFowlerQFT,2.6366312473177134e-06
528,54,QCTRLFowlerQFT,7.91495574168165e-06
529,54,QCTRLFowlerQFT,0.0
530,54,QCTRLFowlerQFT,0.0
531,54,QCTRLFowlerQFT,2.6416932470462203e-06
532,54,QCTRLFowlerQFT,0.0
533,54,QCTRLFowlerQFT,1.5819797183685494e-05
534,54,QCTRLFowlerQFT,0.0
535,54,QCTRLFowlerQFT,2.6366312473177134e-06
536,54,QCTRLFowlerQFT,2.6416932470462203e-06
537,54,QCTRLFowlerQFT,7.904841442003847e-06
538,54,QCTRLFowlerQFT,0.0
539,54,QCTRLFowlerQFT,2.631578947368421e-06
540,56,QCTRLFowlerQFT,0.0
541,56,QCTRLFowlerQFT,0.0
542,56,QCTRLFowlerQFT,0.0
543,56,QCTRLFowlerQFT,0.0
544,56,QCTRLFowlerQFT,0.0
545,56,QCTRLFowlerQFT,0.0
546,56,QCTRLFowlerQFT,0.0
547,56,QCTRLFowlerQFT,0.0
548,56,QCTRLFowlerQFT,0.0
549,56,QCTRLFowlerQFT,0.0
550,56,QCTRLFowlerQFT,0.0
551,56,QCTRLFowlerQFT,0.0
552,56,QCTRLFowlerQFT,0.0
553,56,QCTRLFowlerQFT,0.0
554,56,QCTRLFowlerQFT,0.0
555,56,QCTRLFowlerQFT,0.0
556,56,QCTRLFowlerQFT,0.0
557,56,QCTRLFowlerQFT,0.0
558,56,QCTRLFowlerQFT,0.0
559,56,QCTRLFowlerQFT,0.0
560,58,QCTRLFowlerQFT,0.0
561,58,QCTRLFowlerQFT,0.0
562,58,QCTRLFowlerQFT,0.0
563,58,QCTRLFowlerQFT,0.0
564,58,QCTRLFowlerQFT,0.0
565,58,QCTRLFowlerQFT,0.0
566,58,QCTRLFowlerQFT,0.0
567,58,QCTRLFowlerQFT,0.0
568,58,QCTRLFowlerQFT,0.0
569,58,QCTRLFowlerQFT,0.0
570,58,QCTRLFowlerQFT,0.0
571,58,QCTRLFowlerQFT,0.0
572,58,QCTRLFowlerQFT,0.0
573,58,QCTRLFowlerQFT,0.0
574,58,QCTRLFowlerQFT,0.0
575,58,QCTRLFowlerQFT,0.0
576,58,QCTRLFowlerQFT,0.0
577,58,QCTRLFowlerQFT,0.0
578,58,QCTRLFowlerQFT,0.0
579,58,QCTRLFowlerQFT,0.0
580,2,QCTRLTwineQFTHeavyHex,0.9888909360293583
581,2,QCTRLTwineQFTHeavyHex,0.9890125944356749
582,2,QCTRLTwineQFTHeavyHex,0.987865879075383
583,2,QCTRLTwineQFTHeavyHex,0.9885094559868202
584,2,QCTRLTwineQFTHeavyHex,0.9896022468266412
585,2,QCTRLTwineQFTHeavyHex,0.988597353203474
586,2,QCTRLTwineQFTHeavyHex,0.9895850319670914
587,2,QCTRLTwineQFTHeavyHex,0.9893835294334671
588,2,QCTRLTwineQFTHeavyHex,0.9885335504824724
589,2,QCTRLTwineQFTHeavyHex,0.9880369129394363
590,2,QCTRLTwineQFTHeavyHex,0.9894412586500306
591,2,QCTRLTwineQFTHeavyHex,0.9883694373268711
592,2,QCTRLTwineQFTHeavyHex,0.9888982685135066
593,2,QCTRLTwineQFTHeavyHex,0.9889821016524998
594,2,QCTRLTwineQFTHeavyHex,0.9886769640032556
595,2,QCTRLTwineQFTHeavyHex,0.9876285512709105
596,2,QCTRLTwineQFTHeavyHex,0.9888274148596476
597,2,QCTRLTwineQFTHeavyHex,0.9887346127210309
598,2,QCTRLTwineQFTHeavyHex,0.9881388291398812
599,2,QCTRLTwineQFTHeavyHex,0.9888647873407159
600,4,QCTRLTwineQFTHeavyHex,0.9356817855658924
601,4,QCTRLTwineQFTHeavyHex,0.9313961467944001
602,4,QCTRLTwineQFTHeavyHex,0.9339790975642797
603,4,QCTRLTwineQFTHeavyHex,0.9340790527359855
604,4,QCTRLTwineQFTHeavyHex,0.935298809498444
605,4,QCTRLTwineQFTHeavyHex,0.9333532346289166
606,4,QCTRLTwineQFTHeavyHex,0.9316198951282063
607,4,QCTRLTwineQFTHeavyHex,0.9312232494889071
608,4,QCTRLTwineQFTHeavyHex,0.9323834830972872
609,4,QCTRLTwineQFTHeavyHex,0.9303372879164947
610,4,QCTRLTwineQFTHeavyHex,0.9312653915513116
611,4,QCTRLTwineQFTHeavyHex,0.9316741080651423
612,4,QCTRLTwineQFTHeavyHex,0.9343842687106544
613,4,QCTRLTwineQFTHeavyHex,0.9324085783841183
614,4,QCTRLTwineQFTHeavyHex,0.9325357896353834
615,4,QCTRLTwineQFTHeavyHex,0.9340575536704021
616,4,QCTRLTwineQFTHeavyHex,0.9318759257710688
617,4,QCTRLTwineQFTHeavyHex,0.9351380705172383
618,4,QCTRLTwineQFTHeavyHex,0.9310192236328788
619,4,QCTRLTwineQFTHeavyHex,0.9325752654865849
620,6,QCTRLTwineQFTHeavyHex,0.8966595872836244
621,6,QCTRLTwineQFTHeavyHex,0.8975598991762029
622,6,QCTRLTwineQFTHeavyHex,0.8970761111378872
623,6,QCTRLTwineQFTHeavyHex,0.9001798589692535
624,6,QCTRLTwineQFTHeavyHex,0.901459470987594
625,6,QCTRLTwineQFTHeavyHex,0.9024844487791595
626,6,QCTRLTwineQFTHeavyHex,0.8953087556755615
627,6,QCTRLTwineQFTHeavyHex,0.9027392448660189
628,6,QCTRLTwineQFTHeavyHex,0.8989963125162106
629,6,QCTRLTwineQFTHeavyHex,0.8977121985950289
630,6,QCTRLTwineQFTHeavyHex,0.8973618640608153
631,6,QCTRLTwineQFTHeavyHex,0.9008507892011692
632,6,QCTRLTwineQFTHeavyHex,0.8977341615829045
633,6,QCTRLTwineQFTHeavyHex,0.903075722375966
634,6,QCTRLTwineQFTHeavyHex,0.8948794714162683
635,6,QCTRLTwineQFTHeavyHex,0.8995788824653858
636,6,QCTRLTwineQFTHeavyHex,0.8931077383798421
637,6,QCTRLTwineQFTHeavyHex,0.8954308773557844
638,6,QCTRLTwineQFTHeavyHex,0.9059095923901177
639,6,QCTRLTwineQFTHeavyHex,0.8952121281661893
640,8,QCTRLTwineQFTHeavyHex,0.8305497654302401
641,8,QCTRLTwineQFTHeavyHex,0.8262863671873493
642,8,QCTRLTwineQFTHeavyHex,0.8272084864343531
643,8,QCTRLTwineQFTHeavyHex,0.8292825703616897
644,8,QCTRLTwineQFTHeavyHex,0.8318150633835013
645,8,QCTRLTwineQFTHeavyHex,0.8269313598352512
646,8,QCTRLTwineQFTHeavyHex,0.8269459316024097
647,8,QCTRLTwineQFTHeavyHex,0.83355073676465
648,8,QCTRLTwineQFTHeavyHex,0.8342268372813083
649,8,QCTRLTwineQFTHeavyHex,0.8249114877785615
650,8,QCTRLTwineQFTHeavyHex,0.8294657729934399
651,8,QCTRLTwineQFTHeavyHex,0.8293402136758073
652,8,QCTRLTwineQFTHeavyHex,0.8233790746712977
653,8,QCTRLTwineQFTHeavyHex,0.8241730986077044
654,8,QCTRLTwineQFTHeavyHex,0.8298652180519632
655,8,QCTRLTwineQFTHeavyHex,0.8352020911412578
656,8,QCTRLTwineQFTHeavyHex,0.8360875222059995
657,8,QCTRLTwineQFTHeavyHex,0.828325577841929
658,8,QCTRLTwineQFTHeavyHex,0.8246617769350483
659,8,QCTRLTwineQFTHeavyHex,0.830940579661361
660,10,QCTRLTwineQFTHeavyHex,0.7808004346576475
661,10,QCTRLTwineQFTHeavyHex,0.7735581715728217
662,10,QCTRLTwineQFTHeavyHex,0.7768618327840572
663,10,QCTRLTwineQFTHeavyHex,0.7813966118675156
664,10,QCTRLTwineQFTHeavyHex,0.7739832925889784
665,10,QCTRLTwineQFTHeavyHex,0.7736453059073977
666,10,QCTRLTwineQFTHeavyHex,0.7796480399423154
667,10,QCTRLTwineQFTHeavyHex,0.7725211794422594
668,10,QCTRLTwineQFTHeavyHex,0.7802524840292341
669,10,QCTRLTwineQFTHeavyHex,0.7714860989566837
670,10,QCTRLTwineQFTHeavyHex,0.7771183840810435
671,10,QCTRLTwineQFTHeavyHex,0.7811807601009115
672,10,QCTRLTwineQFTHeavyHex,0.7758513338181273
673,10,QCTRLTwineQFTHeavyHex,0.7830010727491572
674,10,QCTRLTwineQFTHeavyHex,0.7822792070480671
675,10,QCTRLTwineQFTHeavyHex,0.7747237722945703
676,10,QCTRLTwineQFTHeavyHex,0.7770578245386502
677,10,QCTRLTwineQFTHeavyHex,0.7733052525891726
678,10,QCTRLTwineQFTHeavyHex,0.7816870292205566
679,10,QCTRLTwineQFTHeavyHex,0.7764190356038996
680,12,QCTRLTwineQFTHeavyHex,0.7237817705176334
681,12,QCTRLTwineQFTHeavyHex,0.7205200370495721
682,12,QCTRLTwineQFTHeavyHex,0.7164433803671123
683,12,QCTRLTwineQFTHeavyHex,0.721936699617506
684,12,QCTRLTwineQFTHeavyHex,0.7107097821951257
685,12,QCTRLTwineQFTHeavyHex,0.7176609987207044
686,12,QCTRLTwineQFTHeavyHex,0.7197297368350801
687,12,QCTRLTwineQFTHeavyHex,0.7182103905074828
688,12,QCTRLTwineQFTHeavyHex,0.7198142104610246
689,12,QCTRLTwineQFTHeavyHex,0.7160187780996895
690,12,QCTRLTwineQFTHeavyHex,0.7150588371479749
691,12,QCTRLTwineQFTHeavyHex,0.7167907213290485
692,12,QCTRLTwineQFTHeavyHex,0.7221778564404843
693,12,QCTRLTwineQFTHeavyHex,0.7200716569519666
694,12,QCTRLTwineQFTHeavyHex,0.7225942785718587
695,12,QCTRLTwineQFTHeavyHex,0.7197636903002508
696,12,QCTRLTwineQFTHeavyHex,0.7146351697471438
697,12,QCTRLTwineQFTHeavyHex,0.7172319279697581
698,12,QCTRLTwineQFTHeavyHex,0.7211151169306688
699,12,QCTRLTwineQFTHeavyHex,0.7165211172060789
700,14,QCTRLTwineQFTHeavyHex,0.6431630129306474
701,14,QCTRLTwineQFTHeavyHex,0.648036602434175
702,14,QCTRLTwineQFTHeavyHex,0.6479283280222659
703,14,QCTRLTwineQFTHeavyHex,0.6516114366561648
704,14,QCTRLTwineQFTHeavyHex,0.6440978086350881
705,14,QCTRLTwineQFTHeavyHex,0.6503274608494364
706,14,QCTRLTwineQFTHeavyHex,0.6461445423987422
707,14,QCTRLTwineQFTHeavyHex,0.6403328883093362
708,14,QCTRLTwineQFTHeavyHex,0.6464642877387189
709,14,QCTRLTwineQFTHeavyHex,0.649692085487147
710,14,QCTRLTwineQFTHeavyHex,0.6453790311369605
711,14,QCTRLTwineQFTHeavyHex,0.6436638545006907
712,14,QCTRLTwineQFTHeavyHex,0.6482493000049124
713,14,QCTRLTwineQFTHeavyHex,0.646257282410152
714,14,QCTRLTwineQFTHeavyHex,0.6465450152889947
715,14,QCTRLTwineQFTHeavyHex,0.6403364421772143
716,14,QCTRLTwineQFTHeavyHex,0.6446848684430424
717,14,QCTRLTwineQFTHeavyHex,0.6364672766221985
718,14,QCTRLTwineQFTHeavyHex,0.6506381071480958
719,14,QCTRLTwineQFTHeavyHex,0.6519952041009549
720,16,QCTRLTwineQFTHeavyHex,0.5677093426719777
721,16,QCTRLTwineQFTHeavyHex,0.571177508388464
722,16,QCTRLTwineQFTHeavyHex,0.5751745901049337
723,16,QCTRLTwineQFTHeavyHex,0.5793637390927062
724,16,QCTRLTwineQFTHeavyHex,0.5690500823436225
725,16,QCTRLTwineQFTHeavyHex,0.5678914110429384
726,16,QCTRLTwineQFTHeavyHex,0.5684681273453636
727,16,QCTRLTwineQFTHeavyHex,0.567414790243921
728,16,QCTRLTwineQFTHeavyHex,0.5676696104012956
729,16,QCTRLTwineQFTHeavyHex,0.5695853900219767
730,16,QCTRLTwineQFTHeavyHex,0.5651129354818593
731,16,QCTRLTwineQFTHeavyHex,0.5672796101932897
732,16,QCTRLTwineQFTHeavyHex,0.5641481909749717
733,16,QCTRLTwineQFTHeavyHex,0.5587189465655515
734,16,QCTRLTwineQFTHeavyHex,0.5664184582313998
735,16,QCTRLTwineQFTHeavyHex,0.5623125322254765
736,16,QCTRLTwineQFTHeavyHex,0.5698774938753174
737,16,QCTRLTwineQFTHeavyHex,0.573482641942804
738,16,QCTRLTwineQFTHeavyHex,0.5708675004641202
739,16,QCTRLTwineQFTHeavyHex,0.5669759201804359
740,18,QCTRLTwineQFTHeavyHex,0.4926348616708216
741,18,QCTRLTwineQFTHeavyHex,0.5043764491430924
742,18,QCTRLTwineQFTHeavyHex,0.4963428885230146
743,18,QCTRLTwineQFTHeavyHex,0.5003775375063634
744,18,QCTRLTwineQFTHeavyHex,0.49347975963708696
745,18,QCTRLTwineQFTHeavyHex,0.496167873467202
746,18,QCTRLTwineQFTHeavyHex,0.498740357767037
747,18,QCTRLTwineQFTHeavyHex,0.49318742387949055
748,18,QCTRLTwineQFTHeavyHex,0.4964344255653027
749,18,QCTRLTwineQFTHeavyHex,0.49004038352067475
750,18,QCTRLTwineQFTHeavyHex,0.4956905466327116
751,18,QCTRLTwineQFTHeavyHex,0.48933105068726984
752,18,QCTRLTwineQFTHeavyHex,0.4919743422392693
753,18,QCTRLTwineQFTHeavyHex,0.4934696053931201
754,18,QCTRLTwineQFTHeavyHex,0.4902057135261683
755,18,QCTRLTwineQFTHeavyHex,0.4966817445895776
756,18,QCTRLTwineQFTHeavyHex,0.4999400060690258
757,18,QCTRLTwineQFTHeavyHex,0.49264911388736643
758,18,QCTRLTwineQFTHeavyHex,0.5010673488778369
759,18,QCTRLTwineQFTHeavyHex,0.4951701998833605
760,20,QCTRLTwineQFTHeavyHex,0.3474410838138204
761,20,QCTRLTwineQFTHeavyHex,0.3568773230151168
762,20,QCTRLTwineQFTHeavyHex,0.36824757763344124
763,20,QCTRLTwineQFTHeavyHex,0.3613020437538778
764,20,QCTRLTwineQFTHeavyHex,0.35516925614613976
765,20,QCTRLTwineQFTHeavyHex,0.3616158798024767
766,20,QCTRLTwineQFTHeavyHex,0.3525679663945487
767,20,QCTRLTwineQFTHeavyHex,0.360448201957996
768,20,QCTRLTwineQFTHeavyHex,0.3643044283820819
769,20,QCTRLTwineQFTHeavyHex,0.3607549143227564
770,20,QCTRLTwineQFTHeavyHex,0.36566707398501247
771,20,QCTRLTwineQFTHeavyHex,0.3609829411037121
772,20,QCTRLTwineQFTHeavyHex,0.3560685464375971
773,20,QCTRLTwineQFTHeavyHex,0.3569657576860444
774,20,QCTRLTwineQFTHeavyHex,0.36359239851751285
775,20,QCTRLTwineQFTHeavyHex,0.36195236898009137
776,20,QCTRLTwineQFTHeavyHex,0.35565350495255804
777,20,QCTRLTwineQFTHeavyHex,0.3624986528508566
778,20,QCTRLTwineQFTHeavyHex,0.3511791586532046
779,20,QCTRLTwineQFTHeavyHex,0.3547299961376595
780,22,QCTRLTwineQFTHeavyHex,0.30514105378352474
781,22,QCTRLTwineQFTHeavyHex,0.30091062313719374
782,22,QCTRLTwineQFTHeavyHex,0.30548809935985954
783,22,QCTRLTwineQFTHeavyHex,0.2990808104329586
784,22,QCTRLTwineQFTHeavyHex,0.3035766308962459
785,22,QCTRLTwineQFTHeavyHex,0.30435661993885593
786,22,QCTRLTwineQFTHeavyHex,0.299489740007261
787,22,QCTRLTwineQFTHeavyHex,0.31095567989277395
788,22,QCTRLTwineQFTHeavyHex,0.30011054828145983
789,22,QCTRLTwineQFTHeavyHex,0.3033772577045567
790,22,QCTRLTwineQFTHeavyHex,0.30662100033259926
791,22,QCTRLTwineQFTHeavyHex,0.30082570003260123
792,22,QCTRLTwineQFTHeavyHex,0.30474336040683275
793,22,QCTRLTwineQFTHeavyHex,0.3082420961634488
794,22,QCTRLTwineQFTHeavyHex,0.3153902309765608
795,22,QCTRLTwineQFTHeavyHex,0.3038639323899276
796,22,QCTRLTwineQFTHeavyHex,0.3080643993452005
797,22,QCTRLTwineQFTHeavyHex,0.30183408830418146
798,22,QCTRLTwineQFTHeavyHex,0.2998552581671808
799,22,QCTRLTwineQFTHeavyHex,0.3039583605281329
800,24,QCTRLTwineQFTHeavyHex,0.2586252528870749
801,24,QCTRLTwineQFTHeavyHex,0.2542773642679196
802,24,QCTRLTwineQFTHeavyHex,0.26784226117102655
803,24,QCTRLTwineQFTHeavyHex,0.2640438350521597
804,24,QCTRLTwineQFTHeavyHex,0.26580824922461155
805,24,QCTRLTwineQFTHeavyHex,0.2629041751640648
806,24,QCTRLTwineQFTHeavyHex,0.2653625230576511
807,24,QCTRLTwineQFTHeavyHex,0.2619660948496048
808,24,QCTRLTwineQFTHeavyHex,0.25689919551463025
809,24,QCTRLTwineQFTHeavyHex,0.2617435468533098
810,24,QCTRLTwineQFTHeavyHex,0.2672952959365942
811,24,QCTRLTwineQFTHeavyHex,0.2594881122095681
812,24,QCTRLTwineQFTHeavyHex,0.2637076018951486
813,24,QCTRLTwineQFTHeavyHex,0.2697157139755541
814,24,QCTRLTwineQFTHeavyHex,0.26393367112994764
815,24,QCTRLTwineQFTHeavyHex,0.2556580389090271
816,24,QCTRLTwineQFTHeavyHex,0.2676296293127693
817,24,QCTRLTwineQFTHeavyHex,0.2699356561385256
818,24,QCTRLTwineQFTHeavyHex,0.2589139717794106
819,24,QCTRLTwineQFTHeavyHex,0.26883801495956994
820,26,QCTRLTwineQFTHeavyHex,0.21822111761924756
821,26,QCTRLTwineQFTHeavyHex,0.21456335299388626
822,26,QCTRLTwineQFTHeavyHex,0.22040411195118403
823,26,QCTRLTwineQFTHeavyHex,0.2137607078920468
824,26,QCTRLTwineQFTHeavyHex,0.21409418320453089
825,26,QCTRLTwineQFTHeavyHex,0.22030092060731993
826,26,QCTRLTwineQFTHeavyHex,0.21556472935949167
827,26,QCTRLTwineQFTHeavyHex,0.2192171354419115
828,26,QCTRLTwineQFTHeavyHex,0.21545423543936135
829,26,QCTRLTwineQFTHeavyHex,0.22062012061497027
830,26,QCTRLTwineQFTHeavyHex,0.2218385400186855
831,26,QCTRLTwineQFTHeavyHex,0.21262785801370962
832,26,QCTRLTwineQFTHeavyHex,0.21403952285605815
833,26,QCTRLTwineQFTHeavyHex,0.2096309866942223
834,26,QCTRLTwineQFTHeavyHex,0.21437270073657502
835,26,QCTRLTwineQFTHeavyHex,0.21697129953856223
836,26,QCTRLTwineQFTHeavyHex,0.20855616277978867
837,26,QCTRLTwineQFTHeavyHex,0.2111480678228068
838,26,QCTRLTwineQFTHeavyHex,0.2151859729195968
839,26,QCTRLTwineQFTHeavyHex,0.20918786890196028
840,28,QCTRLTwineQFTHeavyHex,0.17951451458059506
841,28,QCTRLTwineQFTHeavyHex,0.17845021475210754
842,28,QCTRLTwineQFTHeavyHex,0.1796572909831326
843,28,QCTRLTwineQFTHeavyHex,0.1770243454510634
844,28,QCTRLTwineQFTHeavyHex,0.1628205506040119
845,28,QCTRLTwineQFTHeavyHex,0.17805583703265718
846,28,QCTRLTwineQFTHeavyHex,0.17611357805108363
847,28,QCTRLTwineQFTHeavyHex,0.17231100428849697
848,28,QCTRLTwineQFTHeavyHex,0.17179219636237067
849,28,QCTRLTwineQFTHeavyHex,0.17751318274437655
850,28,QCTRLTwineQFTHeavyHex,0.17217690552955006
851,28,QCTRLTwineQFTHeavyHex,0.175715954718709
852,28,QCTRLTwineQFTHeavyHex,0.1791496019260785
853,28,QCTRLTwineQFTHeavyHex,0.17761687554378955
854,28,QCTRLTwineQFTHeavyHex,0.17285070115973952
855,28,QCTRLTwineQFTHeavyHex,0.17061070572399556
856,28,QCTRLTwineQFTHeavyHex,0.17979031389153627
857,28,QCTRLTwineQFTHeavyHex,0.16944614406891775
858,28,QCTRLTwineQFTHeavyHex,0.1699490201661059
859,28,QCTRLTwineQFTHeavyHex,0.1748270622386404
860,30,QCTRLTwineQFTHeavyHex,0.11271699651872755
861,30,QCTRLTwineQFTHeavyHex,0.11726275823633851
862,30,QCTRLTwineQFTHeavyHex,0.11252620759915423
863,30,QCTRLTwineQFTHeavyHex,0.1120768255489734
864,30,QCTRLTwineQFTHeavyHex,0.10829683652777697
865,30,QCTRLTwineQFTHeavyHex,0.11603614989757004
866,30,QCTRLTwineQFTHeavyHex,0.11720889530701034
867,30,QCTRLTwineQFTHeavyHex,0.10751820946733101
868,30,QCTRLTwineQFTHeavyHex,0.11005929766619361
869,30,QCTRLTwineQFTHeavyHex,0.11384812681416319
870,30,QCTRLTwineQFTHeavyHex,0.1075160453121689
871,30,QCTRLTwineQFTHeavyHex,0.11292603068809978
872,30,QCTRLTwineQFTHeavyHex,0.11521164787690169
873,30,QCTRLTwineQFTHeavyHex,0.11410692385143827
874,30,QCTRLTwineQFTHeavyHex,0.11417408654006761
875,30,QCTRLTwineQFTHeavyHex,0.11103992996968046
876,30,QCTRLTwineQFTHeavyHex,0.11924468271655822
877,30,QCTRLTwineQFTHeavyHex,0.11743775941018474
878,30,QCTRLTwineQFTHeavyHex,0.1160084284934963
879,30,QCTRLTwineQFTHeavyHex,0.116132959644174
880,32,QCTRLTwineQFTHeavyHex,0.06664741320700071
881,32,QCTRLTwineQFTHeavyHex,0.07075305529485557
882,32,QCTRLTwineQFTHeavyHex,0.06760092173172705
883,32,QCTRLTwineQFTHeavyHex,0.06659293613714073
884,32,QCTRLTwineQFTHeavyHex,0.06869681733204515
885,32,QCTRLTwineQFTHeavyHex,0.06818210277848025
886,32,QCTRLTwineQFTHeavyHex,0.06993241353894368
887,32,QCTRLTwineQFTHeavyHex,0.06454928280323198
888,32,QCTRLTwineQFTHeavyHex,0.06978410119214402
889,32,QCTRLTwineQFTHeavyHex,0.06822838348200716
890,32,QCTRLTwineQFTHeavyHex,0.06665875722979624
891,32,QCTRLTwineQFTHeavyHex,0.06855602845174767
892,32,QCTRLTwineQFTHeavyHex,0.06725585558050705
893,32,QCTRLTwineQFTHeavyHex,0.07000476737262791
894,32,QCTRLTwineQFTHeavyHex,0.06800723488657835
895,32,QCTRLTwineQFTHeavyHex,0.06945966683493641
896,32,QCTRLTwineQFTHeavyHex,0.06864497508095098
897,32,QCTRLTwineQFTHeavyHex,0.07156773933244306
898,32,QCTRLTwineQFTHeavyHex,0.0661506454452252
899,32,QCTRLTwineQFTHeavyHex,0.06817451929602412
900,34,QCTRLTwineQFTHeavyHex,0.05332859464731348
901,34,QCTRLTwineQFTHeavyHex,0.05212760114479924
902,34,QCTRLTwineQFTHeavyHex,0.05133274445824375
903,34,QCTRLTwineQFTHeavyHex,0.05185123604673982
904,34,QCTRLTwineQFTHeavyHex,0.053314471432617826
905,34,QCTRLTwineQFTHeavyHex,0.053384536948823176
906,34,QCTRLTwineQFTHeavyHex,0.052809871836290406
907,34,QCTRLTwineQFTHeavyHex,0.05171835446468854
908,34,QCTRLTwineQFTHeavyHex,0.05080885434295002
909,34,QCTRLTwineQFTHeavyHex,0.052715141976056444
910,34,QCTRLTwineQFTHeavyHex,0.052190003205602825
911,34,QCTRLTwineQFTHeavyHex,0.052303109759553344
912,34,QCTRLTwineQFTHeavyHex,0.05347392827785244
913,34,QCTRLTwineQFTHeavyHex,0.051788894388612186
914,34,QCTRLTwineQFTHeavyHex,0.0506333226849793
915,34,QCTRLTwineQFTHeavyHex,0.05228577539587342
916,34,QCTRLTwineQFTHeavyHex,0.04811404065956656
917,34,QCTRLTwineQFTHeavyHex,0.05121838901875714
918,34,QCTRLTwineQFTHeavyHex,0.049391840259350034
919,34,QCTRLTwineQFTHeavyHex,0.05187849888736167
920,36,QCTRLTwineQFTHeavyHex,0.03643537803897476
921,36,QCTRLTwineQFTHeavyHex,0.03645432203366835
922,36,QCTRLTwineQFTHeavyHex,0.03665651568492598
923,36,QCTRLTwineQFTHeavyHex,0.03748646096388326
924,36,QCTRLTwineQFTHeavyHex,0.0366488277376433
925,36,QCTRLTwineQFTHeavyHex,0.04074918906616208
926,36,QCTRLTwineQFTHeavyHex,0.038249104291303876
927,36,QCTRLTwineQFTHeavyHex,0.03900182741061368
928,36,QCTRLTwineQFTHeavyHex,0.03525703936067084
929,36,QCTRLTwineQFTHeavyHex,0.0349531078217937
930,36,QCTRLTwineQFTHeavyHex,0.03725958281292731
931,36,QCTRLTwineQFTHeavyHex,0.03834112248449194
932,36,QCTRLTwineQFTHeavyHex,0.035653201624901244
933,36,QCTRLTwineQFTHeavyHex,0.03877425312613856
934,36,QCTRLTwineQFTHeavyHex,0.03817457757109523
935,36,QCTRLTwineQFTHeavyHex,0.035046302560461956
936,36,QCTRLTwineQFTHeavyHex,0.03750244322914395
937,36,QCTRLTwineQFTHeavyHex,0.03590008331972011
938,36,QCTRLTwineQFTHeavyHex,0.03642582244639015
939,36,QCTRLTwineQFTHeavyHex,0.03749382178039324
940,38,QCTRLTwineQFTHeavyHex,0.025503651446043437
941,38,QCTRLTwineQFTHeavyHex,0.026748101222913167
942,38,QCTRLTwineQFTHeavyHex,0.02608450526233519
943,38,QCTRLTwineQFTHeavyHex,0.028400461904819343
944,38,QCTRLTwineQFTHeavyHex,0.02301360003748276
945,38,QCTRLTwineQFTHeavyHex,0.02748024237080291
946,38,QCTRLTwineQFTHeavyHex,0.027459366298952247
947,38,QCTRLTwineQFTHeavyHex,0.027898346358383022
948,38,QCTRLTwineQFTHeavyHex,0.02846264725821007
949,38,QCTRLTwineQFTHeavyHex,0.027568465566430486
950,38,QCTRLTwineQFTHeavyHex,0.025554302658584566
951,38,QCTRLTwineQFTHeavyHex,0.026179939057759925
952,38,QCTRLTwineQFTHeavyHex,0.026474294244084477
953,38,QCTRLTwineQFTHeavyHex,0.026419354568595458
954,38,QCTRLTwineQFTHeavyHex,0.026574629907446037
955,38,QCTRLTwineQFTHeavyHex,0.028227901149231942
956,38,QCTRLTwineQFTHeavyHex,0.02486497091156899
957,38,QCTRLTwineQFTHeavyHex,0.027088240664764035
958,38,QCTRLTwineQFTHeavyHex,0.027212965882594812
959,38,QCTRLTwineQFTHeavyHex,0.02451177647041237
960,40,QCTRLTwineQFTHeavyHex,0.014796597513418943
961,40,QCTRLTwineQFTHeavyHex,0.016601609726816704
962,40,QCTRLTwineQFTHeavyHex,0.01484777637336704
963,40,QCTRLTwineQFTHeavyHex,0.015469118321034387
964,40,QCTRLTwineQFTHeavyHex,0.01627677413329381
965,40,QCTRLTwineQFTHeavyHex,0.01598665182931266
966,40,QCTRLTwineQFTHeavyHex,0.013674720605626434
967,40,QCTRLTwineQFTHeavyHex,0.015364472645872693
968,40,QCTRLTwineQFTHeavyHex,0.015372875319123645
969,40,QCTRLTwineQFTHeavyHex,0.01584852499640207
970,40,QCTRLTwineQFTHeavyHex,0.014325953389505527
971,40,QCTRLTwineQFTHeavyHex,0.016037473946186598
972,40,QCTRLTwineQFTHeavyHex,0.016622043052008404
973,40,QCTRLTwineQFTHeavyHex,0.01686607123345532
974,40,QCTRLTwineQFTHeavyHex,0.017686792951318055
975,40,QCTRLTwineQFTHeavyHex,0.016502165965325874
976,40,QCTRLTwineQFTHeavyHex,0.01571261486064613
977,40,QCTRLTwineQFTHeavyHex,0.015915566339711865
978,40,QCTRLTwineQFTHeavyHex,0.017287715444511253
979,40,QCTRLTwineQFTHeavyHex,0.015661403892544397
980,42,QCTRLTwineQFTHeavyHex,0.011367801913798117
981,42,QCTRLTwineQFTHeavyHex,0.011040313442697848
982,42,QCTRLTwineQFTHeavyHex,0.010217788155525681
983,42,QCTRLTwineQFTHeavyHex,0.01121104321886035
984,42,QCTRLTwineQFTHeavyHex,0.011383685278806802
985,42,QCTRLTwineQFTHeavyHex,0.011348680352137392
986,42,QCTRLTwineQFTHeavyHex,0.010159515786682657
987,42,QCTRLTwineQFTHeavyHex,0.011216388973015844
988,42,QCTRLTwineQFTHeavyHex,0.011444214958228366
989,42,QCTRLTwineQFTHeavyHex,0.010929706333949466
990,42,QCTRLTwineQFTHeavyHex,0.010992793768459285
991,42,QCTRLTwineQFTHeavyHex,0.012405982959827373
992,42,QCTRLTwineQFTHeavyHex,0.010468866444274092
993,42,QCTRLTwineQFTHeavyHex,0.010381232953128766
994,42,QCTRLTwineQFTHeavyHex,0.011384725063873884
995,42,QCTRLTwineQFTHeavyHex,0.011550902492103282
996,42,QCTRLTwineQFTHeavyHex,0.010204314453118887
997,42,QCTRLTwineQFTHeavyHex,0.010661040679471023
998,42,QCTRLTwineQFTHeavyHex,0.01072700352092648
999,42,QCTRLTwineQFTHeavyHex,0.011366610947340375
1000,44,QCTRLTwineQFTHeavyHex,0.007567270458637296
1001,44,QCTRLTwineQFTHeavyHex,0.00747265520461911
1002,44,QCTRLTwineQFTHeavyHex,0.0081056982775698
1003,44,QCTRLTwineQFTHeavyHex,0.007216726188374849
1004,44,QCTRLTwineQFTHeavyHex,0.008844428050268591
1005,44,QCTRLTwineQFTHeavyHex,0.0068625750600069275
1006,44,QCTRLTwineQFTHeavyHex,0.007082186882309098
1007,44,QCTRLTwineQFTHeavyHex,0.008450011921403586
1008,44,QCTRLTwineQFTHeavyHex,0.006997646685187828
1009,44,QCTRLTwineQFTHeavyHex,0.008479856043745657
1010,44,QCTRLTwineQFTHeavyHex,0.008941701719590878
1011,44,QCTRLTwineQFTHeavyHex,0.00903555554347997
1012,44,QCTRLTwineQFTHeavyHex,0.007472147167461888
1013,44,QCTRLTwineQFTHeavyHex,0.0072602465954773494
1014,44,QCTRLTwineQFTHeavyHex,0.007553380291644767
1015,44,QCTRLTwineQFTHeavyHex,0.00892652537763426
1016,44,QCTRLTwineQFTHeavyHex,0.008295442817137512
1017,44,QCTRLTwineQFTHeavyHex,0.008331842735521882
1018,44,QCTRLTwineQFTHeavyHex,0.008539621967242119
1019,44,QCTRLTwineQFTHeavyHex,0.006260360198861081
1020,46,QCTRLTwineQFTHeavyHex,0.004794233411357653
1021,46,QCTRLTwineQFTHeavyHex,0.004370824875088152
1022,46,QCTRLTwineQFTHeavyHex,0.004195652268542962
1023,46,QCTRLTwineQFTHeavyHex,0.004572403178157843
1024,46,QCTRLTwineQFTHeavyHex,0.005010520360881539
1025,46,QCTRLTwineQFTHeavyHex,0.0051608721862013394
1026,46,QCTRLTwineQFTHeavyHex,0.004898156619024459
1027,46,QCTRLTwineQFTHeavyHex,0.005236109566027896
1028,46,QCTRLTwineQFTHeavyHex,0.005716332270051083
1029,46,QCTRLTwineQFTHeavyHex,0.004150014984993879
1030,46,QCTRLTwineQFTHeavyHex,0.005282649912187773
1031,46,QCTRLTwineQFTHeavyHex,0.004874421457896972
1032,46,QCTRLTwineQFTHeavyHex,0.004406188213312733
1033,46,QCTRLTwineQFTHeavyHex,0.004629840727883723
1034,46,QCTRLTwineQFTHeavyHex,0.004887146700438507
1035,46,QCTRLTwineQFTHeavyHex,0.004685961359893595
1036,46,QCTRLTwineQFTHeavyHex,0.004886549451422687
1037,46,QCTRLTwineQFTHeavyHex,0.005699205768674509
1038,46,QCTRLTwineQFTHeavyHex,0.004475440292626874
1039,46,QCTRLTwineQFTHeavyHex,0.004671612756950219
1040,48,QCTRLTwineQFTHeavyHex,0.002783943136447669
1041,48,QCTRLTwineQFTHeavyHex,0.003240054692774125
1042,48,QCTRLTwineQFTHeavyHex,0.0031815818736955826
1043,48,QCTRLTwineQFTHeavyHex,0.0028833051329337
1044,48,QCTRLTwineQFTHeavyHex,0.0032186814883616945
1045,48,QCTRLTwineQFTHeavyHex,0.003021853012079932
1046,48,QCTRLTwineQFTHeavyHex,0.0025354912061618506
1047,48,QCTRLTwineQFTHeavyHex,0.0029335975380156243
1048,48,QCTRLTwineQFTHeavyHex,0.002705587529554485
1049,48,QCTRLTwineQFTHeavyHex,0.003095314504808017
1050,48,QCTRLTwineQFTHeavyHex,0.002401511851314732
1051,48,QCTRLTwineQFTHeavyHex,0.0029132965635699907
1052,48,QCTRLTwineQFTHeavyHex,0.002573496385195386
1053,48,QCTRLTwineQFTHeavyHex,0.0025756691215089726
1054,48,QCTRLTwineQFTHeavyHex,0.002333748672163843
1055,48,QCTRLTwineQFTHeavyHex,0.002762899067320383
1056,48,QCTRLTwineQFTHeavyHex,0.0028195885387270535
1057,48,QCTRLTwineQFTHeavyHex,0.003069807166650937
1058,48,QCTRLTwineQFTHeavyHex,0.003243203446995127
1059,48,QCTRLTwineQFTHeavyHex,0.003307537973727289
1060,50,QCTRLTwineQFTHeavyHex,0.0037803276557676624
1061,50,QCTRLTwineQFTHeavyHex,0.003972335285692469
1062,50,QCTRLTwineQFTHeavyHex,0.004120108572812268
1063,50,QCTRLTwineQFTHeavyHex,0.003006239746062713
1064,50,QCTRLTwineQFTHeavyHex,0.0033157659304354423
1065,50,QCTRLTwineQFTHeavyHex,0.0028195076976661854
1066,50,QCTRLTwineQFTHeavyHex,0.002946091978888483
1067,50,QCTRLTwineQFTHeavyHex,0.003323049400348122
1068,50,QCTRLTwineQFTHeavyHex,0.003959172804615448
1069,50,QCTRLTwineQFTHeavyHex,0.0034495694297796927
1070,50,QCTRLTwineQFTHeavyHex,0.0035080430866976644
1071,50,QCTRLTwineQFTHeavyHex,0.004177939744041946
1072,50,QCTRLTwineQFTHeavyHex,0.004362995814834619
1073,50,QCTRLTwineQFTHeavyHex,0.0030833998662053216
1074,50,QCTRLTwineQFTHeavyHex,0.0038558557171645158
1075,50,QCTRLTwineQFTHeavyHex,0.0040347441613125465
1076,50,QCTRLTwineQFTHeavyHex,0.0034267342163890407
1077,50,QCTRLTwineQFTHeavyHex,0.003018656415179726
1078,50,QCTRLTwineQFTHeavyHex,0.0037305700135533836
1079,50,QCTRLTwineQFTHeavyHex,0.00396398346414708
1080,52,QCTRLTwineQFTHeavyHex,0.0030593788872996636
1081,52,QCTRLTwineQFTHeavyHex,0.001882036256536718
1082,52,QCTRLTwineQFTHeavyHex,0.002546417581952333
1083,52,QCTRLTwineQFTHeavyHex,0.0020713244054278157
1084,52,QCTRLTwineQFTHeavyHex,0.0020235982323992745
1085,52,QCTRLTwineQFTHeavyHex,0.0027584449115775193
1086,52,QCTRLTwineQFTHeavyHex,0.0013809482432693108
1087,52,QCTRLTwineQFTHeavyHex,0.0024916585646511933
1088,52,QCTRLTwineQFTHeavyHex,0.0020866859328458223
1089,52,QCTRLTwineQFTHeavyHex,0.0024613131948474816
1090,52,QCTRLTwineQFTHeavyHex,0.001757603581598817
1091,52,QCTRLTwineQFTHeavyHex,0.0022008620162469682
1092,52,QCTRLTwineQFTHeavyHex,0.0019426916210433915
1093,52,QCTRLTwineQFTHeavyHex,0.002505116956468376
1094,52,QCTRLTwineQFTHeavyHex,0.002364105147837693
1095,52,QCTRLTwineQFTHeavyHex,0.0017306118942069769
1096,52,QCTRLTwineQFTHeavyHex,0.001774678337606252
1097,52,QCTRLTwineQFTHeavyHex,0.0026171133745581995
1098,52,QCTRLTwineQFTHeavyHex,0.0017487251653900886
1099,52,QCTRLTwineQFTHeavyHex,0.001819359576718636
1100,54,QCTRLTwineQFTHeavyHex,0.0005831908183439937
1101,54,QCTRLTwineQFTHeavyHex,0.0014550976829919577
1102,54,QCTRLTwineQFTHeavyHex,0.0009164239074437288
1103,54,QCTRLTwineQFTHeavyHex,0.0008932351771639962
1104,54,QCTRLTwineQFTHeavyHex,0.00044136959412447
1105,54,QCTRLTwineQFTHeavyHex,0.0004017718103696959
1106,54,QCTRLTwineQFTHeavyHex,0.0008792073055779281
1107,54,QCTRLTwineQFTHeavyHex,0.001327937912156373
1108,54,QCTRLTwineQFTHeavyHex,0.0008943015336793479
1109,54,QCTRLTwineQFTHeavyHex,0.0006582238705126628
1110,54,QCTRLTwineQFTHeavyHex,0.0003693312129376742
1111,54,QCTRLTwineQFTHeavyHex,0.0005081423857145614
1112,54,QCTRLTwineQFTHeavyHex,0.00048348665185390455
1113,54,QCTRLTwineQFTHeavyHex,0.0006240694127147994
1114,54,QCTRLTwineQFTHeavyHex,0.0004921770409653394
1115,54,QCTRLTwineQFTHeavyHex,0.0005488887405882961
1116,54,QCTRLTwineQFTHeavyHex,0.000689602795690616
1117,54,QCTRLTwineQFTHeavyHex,0.0004632604334217517
1118,54,QCTRLTwineQFTHeavyHex,0.0011032013061368032
1119,54,QCTRLTwineQFTHeavyHex,0.0008613001136740074
1120,56,QCTRLTwineQFTHeavyHex,5.3835848794193916e-05
1121,56,QCTRLTwineQFTHeavyHex,2.1719642677523426e-05
1122,56,QCTRLTwineQFTHeavyHex,2.6980608890239558e-05
1123,56,QCTRLTwineQFTHeavyHex,5.109371983562998e-05
1124,56,QCTRLTwineQFTHeavyHex,2.280820037712743e-05
1125,56,QCTRLTwineQFTHeavyHex,3.0212485295415823e-05
1126,56,QCTRLTwineQFTHeavyHex,3.953458749153517e-05
1127,56,QCTRLTwineQFTHeavyHex,1.279515839185815e-05
1128,56,QCTRLTwineQFTHeavyHex,4.4871606242926666e-05
1129,56,QCTRLTwineQFTHeavyHex,4.616921221269037e-06
1130,56,QCTRLTwineQFTHeavyHex,6.251699194916301e-05
1131,56,QCTRLTwineQFTHeavyHex,2.3775789100463356e-05
1132,56,QCTRLTwineQFTHeavyHex,5.093436768096515e-05
1133,56,QCTRLTwineQFTHeavyHex,1.279515839185815e-05
1134,56,QCTRLTwineQFTHeavyHex,2.5690823880410454e-05
1135,56,QCTRLTwineQFTHeavyHex,2.5912332572221554e-05
1136,56,QCTRLTwineQFTHeavyHex,1.4841869266166192e-05
1137,56,QCTRLTwineQFTHeavyHex,3.726218136856693e-06
1138,56,QCTRLTwineQFTHeavyHex,1.5976355195553607e-05
1139,56,QCTRLTwineQFTHeavyHex,4.501992763788834e-05
1140,58,QCTRLTwineQFTHeavyHex,2.5079927354130785e-05
1141,58,QCTRLTwineQFTHeavyHex,1.5285951323515735e-05
1142,58,QCTRLTwineQFTHeavyHex,0.0
1143,58,QCTRLTwineQFTHeavyHex,0.0
1144,58,QCTRLTwineQFTHeavyHex,2.54593535534455e-06
1145,58,QCTRLTwineQFTHeavyHex,7.704655000316409e-06
1146,58,QCTRLTwineQFTHeavyHex,7.578370131569948e-06
1147,58,QCTRLTwineQFTHeavyHex,1.527732248375323e-05
1148,58,QCTRLTwineQFTHeavyHex,3.8539466576289226e-05
1149,58,QCTRLTwineQFTHeavyHex,5.372232779298302e-05
1150,58,QCTRLTwineQFTHeavyHex,7.442390318243173e-06
1151,58,QCTRLTwineQFTHeavyHex,0.0
1152,58,QCTRLTwineQFTHeavyHex,2.615710481256689e-06
1153,58,QCTRLTwineQFTHeavyHex,7.442390318243173e-06
1154,58,QCTRLTwineQFTHeavyHex,1.5294583440470883e-05
1155,58,QCTRLTwineQFTHeavyHex,2.5487866794111122e-06
1156,58,QCTRLTwineQFTHeavyHex,7.71043251601235e-06
1157,58,QCTRLTwineQFTHeavyHex,2.54593535534455e-06
1158,58,QCTRLTwineQFTHeavyHex,1.5694266164732777e-05
1159,58,QCTRLTwineQFTHeavyHex,1.5080196384276818e-05
1160,2,QCTRLTwineQFTLinear,0.9905239107009352
1161,2,QCTRLTwineQFTLinear,0.9905503713392
1162,2,QCTRLTwineQFTLinear,0.9900656133916732
1163,2,QCTRLTwineQFTLinear,0.9896821996358716
1164,2,QCTRLTwineQFTLinear,0.9904080000991504
1165,2,QCTRLTwineQFTLinear,0.9898590720086806
1166,2,QCTRLTwineQFTLinear,0.9907184865928245
1167,2,QCTRLTwineQFTLinear,0.9895957642112234
1168,2,QCTRLTwineQFTLinear,0.9899188636569431
1169,2,QCTRLTwineQFTLinear,0.9906215920769871
1170,2,QCTRLTwineQFTLinear,0.9900677024277397
1171,2,QCTRLTwineQFTLinear,0.9891238845220147
1172,2,QCTRLTwineQFTLinear,0.9900124626459279
1173,2,QCTRLTwineQFTLinear,0.9912611308759329
1174,2,QCTRLTwineQFTLinear,0.9903027704580434
1175,2,QCTRLTwineQFTLinear,0.9894876309686667
1176,2,QCTRLTwineQFTLinear,0.989530984735345
1177,2,QCTRLTwineQFTLinear,0.9897163610515715
1178,2,QCTRLTwineQFTLinear,0.989758674536155
1179,2,QCTRLTwineQFTLinear,0.9900413709318429
1180,4,QCTRLTwineQFTLinear,0.9464947194132987
1181,4,QCTRLTwineQFTLinear,0.9492932408880463
1182,4,QCTRLTwineQFTLinear,0.9463201771731965
1183,4,QCTRLTwineQFTLinear,0.9490873491484979
1184,4,QCTRLTwineQFTLinear,0.9455519663894045
1185,4,QCTRLTwineQFTLinear,0.9453384648323391
1186,4,QCTRLTwineQFTLinear,0.9446739023128012
1187,4,QCTRLTwineQFTLinear,0.9466069898293823
1188,4,QCTRLTwineQFTLinear,0.9468767394315688
1189,4,QCTRLTwineQFTLinear,0.947142123396089
1190,4,QCTRLTwineQFTLinear,0.9468343535612084
1191,4,QCTRLTwineQFTLinear,0.9479464238122104
1192,4,QCTRLTwineQFTLinear,0.9476939813100584
1193,4,QCTRLTwineQFTLinear,0.9474659036675909
1194,4,QCTRLTwineQFTLinear,0.9474234335501733
1195,4,QCTRLTwineQFTLinear,0.9472970067537841
1196,4,QCTRLTwineQFTLinear,0.948913039425861
1197,4,QCTRLTwineQFTLinear,0.9475892239388322
1198,4,QCTRLTwineQFTLinear,0.9484579406057524
1199,4,QCTRLTwineQFTLinear,0.9464555479854291
1200,6,QCTRLTwineQFTLinear,0.907824341294709
1201,6,QCTRLTwineQFTLinear,0.9066566702103623
1202,6,QCTRLTwineQFTLinear,0.9097035396787552
1203,6,QCTRLTwineQFTLinear,0.9108041315298248
1204,6,QCTRLTwineQFTLinear,0.9071938872014025
1205,6,QCTRLTwineQFTLinear,0.908678921756692
1206,6,QCTRLTwineQFTLinear,0.9127534282487924
1207,6,QCTRLTwineQFTLinear,0.9113528702223284
1208,6,QCTRLTwineQFTLinear,0.9080245104596784
1209,6,QCTRLTwineQFTLinear,0.9116683398088827
1210,6,QCTRLTwineQFTLinear,0.9101214463283219
1211,6,QCTRLTwineQFTLinear,0.9081236700338141
1212,6,QCTRLTwineQFTLinear,0.9103677425823032
1213,6,QCTRLTwineQFTLinear,0.9094891795124017
1214,6,QCTRLTwineQFTLinear,0.9117368684425639
1215,6,QCTRLTwineQFTLinear,0.9088238908589205
1216,6,QCTRLTwineQFTLinear,0.9098921875598225
1217,6,QCTRLTwineQFTLinear,0.909421123272237
1218,6,QCTRLTwineQFTLinear,0.9071190023082887
1219,6,QCTRLTwineQFTLinear,0.9082250353089492
1220,8,QCTRLTwineQFTLinear,0.8495023715554897
1221,8,QCTRLTwineQFTLinear,0.8421989570324342
1222,8,QCTRLTwineQFTLinear,0.8427457163420259
1223,8,QCTRLTwineQFTLinear,0.8392171743719661
1224,8,QCTRLTwineQFTLinear,0.8423979922434144
1225,8,QCTRLTwineQFTLinear,0.8461835298498046
1226,8,QCTRLTwineQFTLinear,0.8410050919761785
1227,8,QCTRLTwineQFTLinear,0.8389351729624359
1228,8,QCTRLTwineQFTLinear,0.8460660072839336
1229,8,QCTRLTwineQFTLinear,0.8482600851658156
1230,8,QCTRLTwineQFTLinear,0.8404447558062537
1231,8,QCTRLTwineQFTLinear,0.8453034109363103
1232,8,QCTRLTwineQFTLinear,0.8447324827229803
1233,8,QCTRLTwineQFTLinear,0.8456456366382914
1234,8,QCTRLTwineQFTLinear,0.8417862387629168
1235,8,QCTRLTwineQFTLinear,0.8461310058986916
1236,8,QCTRLTwineQFTLinear,0.8482982942639864
1237,8,QCTRLTwineQFTLinear,0.84610623204527
1238,8,QCTRLTwineQFTLinear,0.8442843997365421
1239,8,QCTRLTwineQFTLinear,0.843502205271015
1240,10,QCTRLTwineQFTLinear,0.7749480297259443
1241,10,QCTRLTwineQFTLinear,0.7673464393728828
1242,10,QCTRLTwineQFTLinear,0.7729865958716501
1243,10,QCTRLTwineQFTLinear,0.7758644868624311
1244,10,QCTRLTwineQFTLinear,0.7782153168588304
1245,10,QCTRLTwineQFTLinear,0.774007432476968
1246,10,QCTRLTwineQFTLinear,0.7688620199631576
1247,10,QCTRLTwineQFTLinear,0.7759839885474619
1248,10,QCTRLTwineQFTLinear,0.7710595830442589
1249,10,QCTRLTwineQFTLinear,0.771963021308265
1250,10,QCTRLTwineQFTLinear,0.7737811314507734
1251,10,QCTRLTwineQFTLinear,0.7740497319495919
1252,10,QCTRLTwineQFTLinear,0.7704478446613595
1253,10,QCTRLTwineQFTLinear,0.7719643336604273
1254,10,QCTRLTwineQFTLinear,0.7750995883868675
1255,10,QCTRLTwineQFTLinear,0.7721707511169795
1256,10,QCTRLTwineQFTLinear,0.7745414721755322
1257,10,QCTRLTwineQFTLinear,0.7700335440026987
1258,10,QCTRLTwineQFTLinear,0.768659498945056
1259,10,QCTRLTwineQFTLinear,0.7747673125172037
1260,12,QCTRLTwineQFTLinear,0.6933178333716759
1261,12,QCTRLTwineQFTLinear,0.6856002847080876
1262,12,QCTRLTwineQFTLinear,0.6879322420416332
1263,12,QCTRLTwineQFTLinear,0.6961310086895786
1264,12,QCTRLTwineQFTLinear,0.7012589531082477
1265,12,QCTRLTwineQFTLinear,0.689342140070784
1266,12,QCTRLTwineQFTLinear,0.7015402221762259
1267,12,QCTRLTwineQFTLinear,0.6969064579801482
1268,12,QCTRLTwineQFTLinear,0.6976581358898417
1269,12,QCTRLTwineQFTLinear,0.7080693253230098
1270,12,QCTRLTwineQFTLinear,0.6880055599450097
1271,12,QCTRLTwineQFTLinear,0.698719333898043
1272,12,QCTRLTwineQFTLinear,0.701465156051657
1273,12,QCTRLTwineQFTLinear,0.7099230561990367
1274,12,QCTRLTwineQFTLinear,0.6943769872069627
1275,12,QCTRLTwineQFTLinear,0.6820267408507534
1276,12,QCTRLTwineQFTLinear,0.705146885017694
1277,12,QCTRLTwineQFTLinear,0.6834449573296595
1278,12,QCTRLTwineQFTLinear,0.702580755724264
1279,12,QCTRLTwineQFTLinear,0.7016438014165257
1280,14,QCTRLTwineQFTLinear,0.6086553080982389
1281,14,QCTRLTwineQFTLinear,0.6169231894984769
1282,14,QCTRLTwineQFTLinear,0.607835880908121
1283,14,QCTRLTwineQFTLinear,0.6104085158164885
1284,14,QCTRLTwineQFTLinear,0.6162601594608009
1285,14,QCTRLTwineQFTLinear,0.6147370858359005
1286,14,QCTRLTwineQFTLinear,0.6119793670763405
1287,14,QCTRLTwineQFTLinear,0.6056136548245767
1288,14,QCTRLTwineQFTLinear,0.6050021482653198
1289,14,QCTRLTwineQFTLinear,0.6162709771009006
1290,14,QCTRLTwineQFTLinear,0.6041749913476709
1291,14,QCTRLTwineQFTLinear,0.608293532972396
1292,14,QCTRLTwineQFTLinear,0.6156432476050888
1293,14,QCTRLTwineQFTLinear,0.6023297336036235
1294,14,QCTRLTwineQFTLinear,0.612205166199351
1295,14,QCTRLTwineQFTLinear,0.6095388840066869
1296,14,QCTRLTwineQFTLinear,0.6109021080780385
1297,14,QCTRLTwineQFTLinear,0.6055459179766203
1298,14,QCTRLTwineQFTLinear,0.6112854555986389
1299,14,QCTRLTwineQFTLinear,0.6005992913396084
1300,16,QCTRLTwineQFTLinear,0.5617555751855561
1301,16,QCTRLTwineQFTLinear,0.5661815363853964
1302,16,QCTRLTwineQFTLinear,0.5594061851256874
1303,16,QCTRLTwineQFTLinear,0.5662041841551836
1304,16,QCTRLTwineQFTLinear,0.5578642709866164
1305,16,QCTRLTwineQFTLinear,0.5673699911006352
1306,16,QCTRLTwineQFTLinear,0.5650158212821783
1307,16,QCTRLTwineQFTLinear,0.5810057876368359
1308,16,QCTRLTwineQFTLinear,0.5613947873313838
1309,16,QCTRLTwineQFTLinear,0.5678035758231661
1310,16,QCTRLTwineQFTLinear,0.5705667905552064
1311,16,QCTRLTwineQFTLinear,0.5691210927507924
1312,16,QCTRLTwineQFTLinear,0.5664364698626964
1313,16,QCTRLTwineQFTLinear,0.5609959036402796
1314,16,QCTRLTwineQFTLinear,0.5598629135578158
1315,16,QCTRLTwineQFTLinear,0.5667680940421883
1316,16,QCTRLTwineQFTLinear,0.5612521755526894
1317,16,QCTRLTwineQFTLinear,0.5666010146940729
1318,16,QCTRLTwineQFTLinear,0.5740623255063955
1319,16,QCTRLTwineQFTLinear,0.565613862908888
1320,18,QCTRLTwineQFTLinear,0.48237913976754
1321,18,QCTRLTwineQFTLinear,0.4923693411284882
1322,18,QCTRLTwineQFTLinear,0.48765211828277
1323,18,QCTRLTwineQFTLinear,0.48730483625193105
1324,18,QCTRLTwineQFTLinear,0.4741692804865882
1325,18,QCTRLTwineQFTLinear,0.46776002268848954
1326,18,QCTRLTwineQFTLinear,0.49036834083030495
1327,18,QCTRLTwineQFTLinear,0.49124199652087897
1328,18,QCTRLTwineQFTLinear,0.48557673552169106
1329,18,QCTRLTwineQFTLinear,0.47753921241171227
1330,18,QCTRLTwineQFTLinear,0.48388846327511914
1331,18,QCTRLTwineQFTLinear,0.4719345946703452
1332,18,QCTRLTwineQFTLinear,0.4897770450513128
1333,18,QCTRLTwineQFTLinear,0.48974267209139766
1334,18,QCTRLTwineQFTLinear,0.49656254881763795
1335,18,QCTRLTwineQFTLinear,0.48409235022063357
1336,18,QCTRLTwineQFTLinear,0.4901206693893296
1337,18,QCTRLTwineQFTLinear,0.4907938227099027
1338,18,QCTRLTwineQFTLinear,0.49570995506919746
1339,18,QCTRLTwineQFTLinear,0.47845146022921475
1340,20,QCTRLTwineQFTLinear,0.43255290597030727
1341,20,QCTRLTwineQFTLinear,0.43753989027136436
1342,20,QCTRLTwineQFTLinear,0.43886565694752516
1343,20,QCTRLTwineQFTLinear,0.43090790179902627
1344,20,QCTRLTwineQFTLinear,0.42408144776775725
1345,20,QCTRLTwineQFTLinear,0.4259796810596794
1346,20,QCTRLTwineQFTLinear,0.41970323072479543
1347,20,QCTRLTwineQFTLinear,0.4246357395245812
1348,20,QCTRLTwineQFTLinear,0.42764753485667556
1349,20,QCTRLTwineQFTLinear,0.42925408391548603
1350,20,QCTRLTwineQFTLinear,0.43644931421891464
1351,20,QCTRLTwineQFTLinear,0.43644122530493146
1352,20,QCTRLTwineQFTLinear,0.41763762648181557
1353,20,QCTRLTwineQFTLinear,0.41968249704916516
1354,20,QCTRLTwineQFTLinear,0.42936585831297175
1355,20,QCTRLTwineQFTLinear,0.4299776126808077
1356,20,QCTRLTwineQFTLinear,0.4278823724814495
1357,20,QCTRLTwineQFTLinear,0.4229663902504394
1358,20,QCTRLTwineQFTLinear,0.4253423314545302
1359,20,QCTRLTwineQFTLinear,0.43783930718073955
1360,22,QCTRLTwineQFTLinear,0.35192161730556504
1361,22,QCTRLTwineQFTLinear,0.3543604723416959
1362,22,QCTRLTwineQFTLinear,0.35640097139650845
1363,22,QCTRLTwineQFTLinear,0.36594452181966053
1364,22,QCTRLTwineQFTLinear,0.36093481527261073
1365,22,QCTRLTwineQFTLinear,0.3531679195549185
1366,22,QCTRLTwineQFTLinear,0.35698294002287256
1367,22,QCTRLTwineQFTLinear,0.3555681994980438
1368,22,QCTRLTwineQFTLinear,0.3473690765496921
1369,22,QCTRLTwineQFTLinear,0.3548507801990993
1370,22,QCTRLTwineQFTLinear,0.35539506916863756
1371,22,QCTRLTwineQFTLinear,0.3438049763015696
1372,22,QCTRLTwineQFTLinear,0.3636536332553763
1373,22,QCTRLTwineQFTLinear,0.35199530812337115
1374,22,QCTRLTwineQFTLinear,0.35936806958668843
1375,22,QCTRLTwineQFTLinear,0.3525420040844691
1376,22,QCTRLTwineQFTLinear,0.3543332571420287
1377,22,QCTRLTwineQFTLinear,0.35997382687563617
1378,22,QCTRLTwineQFTLinear,0.35604011763864507
1379,22,QCTRLTwineQFTLinear,0.3571155882990772
1380,24,QCTRLTwineQFTLinear,0.24765834690401864
1381,24,QCTRLTwineQFTLinear,0.2556616882718513
1382,24,QCTRLTwineQFTLinear,0.2528013913043451
1383,24,QCTRLTwineQFTLinear,0.2523505015600093
1384,24,QCTRLTwineQFTLinear,0.2537446734180074
1385,24,QCTRLTwineQFTLinear,0.25134807393888586
1386,24,QCTRLTwineQFTLinear,0.24976374688884626
1387,24,QCTRLTwineQFTLinear,0.25317108099426605
1388,24,QCTRLTwineQFTLinear,0.24906436532450413
1389,24,QCTRLTwineQFTLinear,0.25204334533523
1390,24,QCTRLTwineQFTLinear,0.24924334164240733
1391,24,QCTRLTwineQFTLinear,0.2473597716098138
1392,24,QCTRLTwineQFTLinear,0.25103386092233704
1393,24,QCTRLTwineQFTLinear,0.24924018060084205
1394,24,QCTRLTwineQFTLinear,0.25088944836963983
1395,24,QCTRLTwineQFTLinear,0.25356935572414063
1396,24,QCTRLTwineQFTLinear,0.25439615148893385
1397,24,QCTRLTwineQFTLinear,0.24960321992766107
1398,24,QCTRLTwineQFTLinear,0.25267235648889574
1399,24,QCTRLTwineQFTLinear,0.24914798939811922
1400,26,QCTRLTwineQFTLinear,0.19983524272176598
1401,26,QCTRLTwineQFTLinear,0.18945118642246966
1402,26,QCTRLTwineQFTLinear,0.19421842450859061
1403,26,QCTRLTwineQFTLinear,0.18985940580496807
1404,26,QCTRLTwineQFTLinear,0.1898514090879452
1405,26,QCTRLTwineQFTLinear,0.19848677903480968
1406,26,QCTRLTwineQFTLinear,0.18502977026471137
1407,26,QCTRLTwineQFTLinear,0.1913219158842086
1408,26,QCTRLTwineQFTLinear,0.190657481790928
1409,26,QCTRLTwineQFTLinear,0.18449385471767135
1410,26,QCTRLTwineQFTLinear,0.1933256073302303
1411,26,QCTRLTwineQFTLinear,0.19079584172308062
1412,26,QCTRLTwineQFTLinear,0.1976538877192499
1413,26,QCTRLTwineQFTLinear,0.19824078832505787
1414,26,QCTRLTwineQFTLinear,0.1989446149648458
1415,26,QCTRLTwineQFTLinear,0.19680343641219228
1416,26,QCTRLTwineQFTLinear,0.19775539813945955
1417,26,QCTRLTwineQFTLinear,0.2007653729613447
1418,26,QCTRLTwineQFTLinear,0.189791148707722
1419,26,QCTRLTwineQFTLinear,0.18324813169287277
1420,28,QCTRLTwineQFTLinear,0.16194270592674662
1421,28,QCTRLTwineQFTLinear,0.1640315618903545
1422,28,QCTRLTwineQFTLinear,0.1625774454314068
1423,28,QCTRLTwineQFTLinear,0.16078336881847802
1424,28,QCTRLTwineQFTLinear,0.16124218706004279
1425,28,QCTRLTwineQFTLinear,0.16050289104236118
1426,28,QCTRLTwineQFTLinear,0.1590748751552464
1427,28,QCTRLTwineQFTLinear,0.15507955930249978
1428,28,QCTRLTwineQFTLinear,0.16268118096623338
1429,28,QCTRLTwineQFTLinear,0.16234236151516546
1430,28,QCTRLTwineQFTLinear,0.16185457499117922
1431,28,QCTRLTwineQFTLinear,0.15853521902532947
1432,28,QCTRLTwineQFTLinear,0.16750542002472044
1433,28,QCTRLTwineQFTLinear,0.15565730479134615
1434,28,QCTRLTwineQFTLinear,0.1647747124766802
1435,28,QCTRLTwineQFTLinear,0.15087748361002615
1436,28,QCTRLTwineQFTLinear,0.16556232897696105
1437,28,QCTRLTwineQFTLinear,0.158732314713851
1438,28,QCTRLTwineQFTLinear,0.1603724307417718
1439,28,QCTRLTwineQFTLinear,0.1613910164110779
1440,30,QCTRLTwineQFTLinear,0.13597492811466538
1441,30,QCTRLTwineQFTLinear,0.13607672783183528
1442,30,QCTRLTwineQFTLinear,0.12596960309531996
1443,30,QCTRLTwineQFTLinear,0.13563153403875372
1444,30,QCTRLTwineQFTLinear,0.1280545107755864
1445,30,QCTRLTwineQFTLinear,0.12920216355637953
1446,30,QCTRLTwineQFTLinear,0.1336018540706959
1447,30,QCTRLTwineQFTLinear,0.1359877831351873
1448,30,QCTRLTwineQFTLinear,0.1338500097311894
1449,30,QCTRLTwineQFTLinear,0.12897429691317988
1450,30,QCTRLTwineQFTLinear,0.13183309841078145
1451,30,QCTRLTwineQFTLinear,0.1338356045430759
1452,30,QCTRLTwineQFTLinear,0.1371625766101983
1453,30,QCTRLTwineQFTLinear,0.12146223444935379
1454,30,QCTRLTwineQFTLinear,0.14050987373948312
1455,30,QCTRLTwineQFTLinear,0.1375926669797255
1456,30,QCTRLTwineQFTLinear,0.13126127862004347
1457,30,QCTRLTwineQFTLinear,0.135271145212575
1458,30,QCTRLTwineQFTLinear,0.13331602241080948
1459,30,QCTRLTwineQFTLinear,0.13347636998769988
1460,32,QCTRLTwineQFTLinear,0.10221106811287967
1461,32,QCTRLTwineQFTLinear,0.10316582090487396
1462,32,QCTRLTwineQFTLinear,0.10613432179812442
1463,32,QCTRLTwineQFTLinear,0.10447253404911248
1464,32,QCTRLTwineQFTLinear,0.09691205348956979
1465,32,QCTRLTwineQFTLinear,0.10118395158529718
1466,32,QCTRLTwineQFTLinear,0.0986124635430423
1467,32,QCTRLTwineQFTLinear,0.10348659912746616
1468,32,QCTRLTwineQFTLinear,0.10002032955095798
1469,32,QCTRLTwineQFTLinear,0.09909789336570458
1470,32,QCTRLTwineQFTLinear,0.10422921561885791
1471,32,QCTRLTwineQFTLinear,0.10239227626495273
1472,32,QCTRLTwineQFTLinear,0.11174041228082907
1473,32,QCTRLTwineQFTLinear,0.10290648220275249
1474,32,QCTRLTwineQFTLinear,0.11093536061859617
1475,32,QCTRLTwineQFTLinear,0.1078167813276028
1476,32,QCTRLTwineQFTLinear,0.10488014858720025
1477,32,QCTRLTwineQFTLinear,0.10195910023124193
1478,32,QCTRLTwineQFTLinear,0.11309016257300132
1479,32,QCTRLTwineQFTLinear,0.10433433916501077
1480,34,QCTRLTwineQFTLinear,0.00029156200042039016
1481,34,QCTRLTwineQFTLinear,0.0005066144016762845
1482,34,QCTRLTwineQFTLinear,0.0004727706455444328
1483,34,QCTRLTwineQFTLinear,0.0006191829822182833
1484,34,QCTRLTwineQFTLinear,0.0007891304046913031
1485,34,QCTRLTwineQFTLinear,0.0007382247951723841
1486,34,QCTRLTwineQFTLinear,0.0016588806948596283
1487,34,QCTRLTwineQFTLinear,0.00016365818467702363
1488,34,QCTRLTwineQFTLinear,0.00145416063652038
1489,34,QCTRLTwineQFTLinear,0.0004325960750203584
1490,34,QCTRLTwineQFTLinear,0.00044842354190370945
1491,34,QCTRLTwineQFTLinear,0.00046646683349517334
1492,34,QCTRLTwineQFTLinear,0.00105256310346797
1493,34,QCTRLTwineQFTLinear,0.0005113804559345513
1494,34,QCTRLTwineQFTLinear,0.0005097994318111606
1495,34,QCTRLTwineQFTLinear,0.0005630918748145338
1496,34,QCTRLTwineQFTLinear,0.00037098655724771234
1497,34,QCTRLTwineQFTLinear,0.0019257012698315533
1498,34,QCTRLTwineQFTLinear,0.0007188135838264103
1499,34,QCTRLTwineQFTLinear,0.0012318170546869942
1500,36,QCTRLTwineQFTLinear,0.00014826741142121575
1501,36,QCTRLTwineQFTLinear,0.0002476117785655788
1502,36,QCTRLTwineQFTLinear,0.00020127623595404516
1503,36,QCTRLTwineQFTLinear,0.0003563452716792457
1504,36,QCTRLTwineQFTLinear,0.0002458443717697612
1505,36,QCTRLTwineQFTLinear,0.0003755306172755762
1506,36,QCTRLTwineQFTLinear,0.0008068848870555949
1507,36,QCTRLTwineQFTLinear,0.0004347638159745177
1508,36,QCTRLTwineQFTLinear,0.0006390835622674609
1509,36,QCTRLTwineQFTLinear,0.0003069681251728786
1510,36,QCTRLTwineQFTLinear,0.00039228793825751227
1511,36,QCTRLTwineQFTLinear,0.00024199089287289927
1512,36,QCTRLTwineQFTLinear,0.00025649143973716
1513,36,QCTRLTwineQFTLinear,0.0008256872280873165
1514,36,QCTRLTwineQFTLinear,0.0004621457304094704
1515,36,QCTRLTwineQFTLinear,0.0002935411435543836
1516,36,QCTRLTwineQFTLinear,0.00042310309370642823
1517,36,QCTRLTwineQFTLinear,0.00028120801676856936
1518,36,QCTRLTwineQFTLinear,0.0003839913360955339
1519,36,QCTRLTwineQFTLinear,0.0003051238195631154
1520,38,QCTRLTwineQFTLinear,0.0014822912491419902
1521,38,QCTRLTwineQFTLinear,0.0006931250500236861
1522,38,QCTRLTwineQFTLinear,0.0007098971005358628
1523,38,QCTRLTwineQFTLinear,0.0008217802974768201
1524,38,QCTRLTwineQFTLinear,0.00038442175078986596
1525,38,QCTRLTwineQFTLinear,0.00077496410231175
1526,38,QCTRLTwineQFTLinear,0.0005798243915575219
1527,38,QCTRLTwineQFTLinear,0.00046533789630799974
1528,38,QCTRLTwineQFTLinear,0.000847943992817509
1529,38,QCTRLTwineQFTLinear,0.0010882488638871708
1530,38,QCTRLTwineQFTLinear,0.0009069120078508527
1531,38,QCTRLTwineQFTLinear,0.0005772716232099061
1532,38,QCTRLTwineQFTLinear,0.00042344157291966965
1533,38,QCTRLTwineQFTLinear,0.0010516733317336568
1534,38,QCTRLTwineQFTLinear,0.0003091384428759704
1535,38,QCTRLTwineQFTLinear,0.0007879918886332243
1536,38,QCTRLTwineQFTLinear,0.0005606897454421271
1537,38,QCTRLTwineQFTLinear,0.0013546131732452642
1538,38,QCTRLTwineQFTLinear,0.000648465972149831
1539,38,QCTRLTwineQFTLinear,0.0003021105162081781
1540,40,QCTRLTwineQFTLinear,0.0005693419085978244
1541,40,QCTRLTwineQFTLinear,0.0005078259701524373
1542,40,QCTRLTwineQFTLinear,0.0008261037416366299
1543,40,QCTRLTwineQFTLinear,0.0009229660773345574
1544,40,QCTRLTwineQFTLinear,0.0011649135550372638
1545,40,QCTRLTwineQFTLinear,0.0009018138778565737
1546,40,QCTRLTwineQFTLinear,0.0006280099302050712
1547,40,QCTRLTwineQFTLinear,0.001045716273911376
1548,40,QCTRLTwineQFTLinear,0.0007853701532881843
1549,40,QCTRLTwineQFTLinear,0.0008975559164850437
1550,40,QCTRLTwineQFTLinear,0.0005690396773865859
1551,40,QCTRLTwineQFTLinear,0.0009984974934939275
1552,40,QCTRLTwineQFTLinear,0.0010361821702715179
1553,40,QCTRLTwineQFTLinear,0.0007167250139132233
1554,40,QCTRLTwineQFTLinear,0.0009258448557832182
1555,40,QCTRLTwineQFTLinear,0.0010478154268988387
1556,40,QCTRLTwineQFTLinear,0.0016614181282164507
1557,40,QCTRLTwineQFTLinear,0.0008185328271457403
1558,40,QCTRLTwineQFTLinear,0.0008190926062351157
1559,40,QCTRLTwineQFTLinear,0.0009454488198556761
1560,42,QCTRLTwineQFTLinear,0.000677443691717801
1561,42,QCTRLTwineQFTLinear,0.00021180270785407148
1562,42,QCTRLTwineQFTLinear,0.0005335597424693281
1563,42,QCTRLTwineQFTLinear,0.0006031606425127122
1564,42,QCTRLTwineQFTLinear,0.0006781970212754187
1565,42,QCTRLTwineQFTLinear,0.0006203002978789442
1566,42,QCTRLTwineQFTLinear,0.0003265606034785413
1567,42,QCTRLTwineQFTLinear,0.0002525586224505308
1568,42,QCTRLTwineQFTLinear,0.0004298326412427926
1569,42,QCTRLTwineQFTLinear,0.0007551766272444875
1570,42,QCTRLTwineQFTLinear,0.0002891945786597565
1571,42,QCTRLTwineQFTLinear,0.0004863998841068418
1572,42,QCTRLTwineQFTLinear,0.0002271761698916151
1573,42,QCTRLTwineQFTLinear,0.0004366088617556586
1574,42,QCTRLTwineQFTLinear,0.0003804985410349346
1575,42,QCTRLTwineQFTLinear,0.00038530408341535757
1576,42,QCTRLTwineQFTLinear,0.0002950136963909618
1577,42,QCTRLTwineQFTLinear,0.00039457741471903403
1578,42,QCTRLTwineQFTLinear,0.00020813791968108834
1579,42,QCTRLTwineQFTLinear,0.0005244454762572008
1580,44,QCTRLTwineQFTLinear,0.000239336773315239
1581,44,QCTRLTwineQFTLinear,0.00017066532380954314
1582,44,QCTRLTwineQFTLinear,0.00010263592474121685
1583,44,QCTRLTwineQFTLinear,0.00018960621745297995
1584,44,QCTRLTwineQFTLinear,0.00011779790245467154
1585,44,QCTRLTwineQFTLinear,7.399859221847442e-05
1586,44,QCTRLTwineQFTLinear,0.00017640768677203018
1587,44,QCTRLTwineQFTLinear,0.0001415956247360864
1588,44,QCTRLTwineQFTLinear,0.0002327552996025861
1589,44,QCTRLTwineQFTLinear,0.00023634905941560667
1590,44,QCTRLTwineQFTLinear,9.013561100348086e-05
1591,44,QCTRLTwineQFTLinear,3.080611687832871e-05
1592,44,QCTRLTwineQFTLinear,0.00023394380926568836
1593,44,QCTRLTwineQFTLinear,4.32233380104125e-05
1594,44,QCTRLTwineQFTLinear,6.906177122245452e-05
1595,44,QCTRLTwineQFTLinear,0.00010149186448009085
1596,44,QCTRLTwineQFTLinear,0.000101702702144963
1597,44,QCTRLTwineQFTLinear,4.349226451601934e-05
1598,44,QCTRLTwineQFTLinear,0.00013643585443807643
1599,44,QCTRLTwineQFTLinear,2.5625258368540304e-05
1600,46,QCTRLTwineQFTLinear,0.00023974146038917797
1601,46,QCTRLTwineQFTLinear,0.0005678907298950375
1602,46,QCTRLTwineQFTLinear,0.00023488567336447372
1603,46,QCTRLTwineQFTLinear,0.0002498249286546362
1604,46,QCTRLTwineQFTLinear,0.00016143811254883025
1605,46,QCTRLTwineQFTLinear,0.00036149313281425124
1606,46,QCTRLTwineQFTLinear,0.0006902528095141403
1607,46,QCTRLTwineQFTLinear,0.00019176831135523094
1608,46,QCTRLTwineQFTLinear,0.0003476316232694581
1609,46,QCTRLTwineQFTLinear,0.000377372274178548
1610,46,QCTRLTwineQFTLinear,4.291342317243301e-05
1611,46,QCTRLTwineQFTLinear,0.0007306654534213863
1612,46,QCTRLTwineQFTLinear,0.0004622525298501008
1613,46,QCTRLTwineQFTLinear,0.00015759522361747977
1614,46,QCTRLTwineQFTLinear,0.0006510855892508079
1615,46,QCTRLTwineQFTLinear,0.0001667361624057257
1616,46,QCTRLTwineQFTLinear,0.00021097532776119838
1617,46,QCTRLTwineQFTLinear,0.0002774378135293032
1618,46,QCTRLTwineQFTLinear,0.00032577753025996075
1619,46,QCTRLTwineQFTLinear,0.0002559128132440076
1620,48,QCTRLTwineQFTLinear,0.00010465191452298476
1621,48,QCTRLTwineQFTLinear,9.371787209826021e-05
1622,48,QCTRLTwineQFTLinear,0.00011238737914772277
1623,48,QCTRLTwineQFTLinear,4.911897475036038e-05
1624,48,QCTRLTwineQFTLinear,0.00025284006626819677
1625,48,QCTRLTwineQFTLinear,0.00014061935787127016
1626,48,QCTRLTwineQFTLinear,0.0001299657809509508
1627,48,QCTRLTwineQFTLinear,9.386198070508561e-05
1628,48,QCTRLTwineQFTLinear,0.0002534925054902243
1629,48,QCTRLTwineQFTLinear,5.715998920268971e-05
1630,48,QCTRLTwineQFTLinear,0.0002762601220184615
1631,48,QCTRLTwineQFTLinear,2.1910287972115773e-05
1632,48,QCTRLTwineQFTLinear,0.0002448558283841155
1633,48,QCTRLTwineQFTLinear,5.791615841194796e-05
1634,48,QCTRLTwineQFTLinear,5.925671053247554e-05
1635,48,QCTRLTwineQFTLinear,0.0001925887255820123
1636,48,QCTRLTwineQFTLinear,9.655789702273337e-05
1637,48,QCTRLTwineQFTLinear,0.00017382005579001861
1638,48,QCTRLTwineQFTLinear,8.728100507176864e-05
1639,48,QCTRLTwineQFTLinear,4.156999360753398e-05
1640,50,QCTRLTwineQFTLinear,4.422314549615519e-05
1641,50,QCTRLTwineQFTLinear,3.590096788012952e-05
1642,50,QCTRLTwineQFTLinear,5.974236133877842e-05
1643,50,QCTRLTwineQFTLinear,0.00011714264936010625
1644,50,QCTRLTwineQFTLinear,0.00014787186391966475
1645,50,QCTRLTwineQFTLinear,0.00015386418305581053
1646,50,QCTRLTwineQFTLinear,6.0040342426315596e-05
1647,50,QCTRLTwineQFTLinear,0.00010762553907853043
1648,50,QCTRLTwineQFTLinear,4.528523014178805e-05
1649,50,QCTRLTwineQFTLinear,0.0001684958490643827
1650,50,QCTRLTwineQFTLinear,9.355731053630657e-05
1651,50,QCTRLTwineQFTLinear,5.410763669691087e-05
1652,50,QCTRLTwineQFTLinear,8.856916280372182e-05
1653,50,QCTRLTwineQFTLinear,0.00010036327625599523
1654,50,QCTRLTwineQFTLinear,1.5209976359730731e-05
1655,50,QCTRLTwineQFTLinear,4.503894824027822e-05
1656,50,QCTRLTwineQFTLinear,6.068764241258274e-05
1657,50,QCTRLTwineQFTLinear,2.6316244305568024e-06
1658,50,QCTRLTwineQFTLinear,0.0001379099541261968
1659,50,QCTRLTwineQFTLinear,8.703014463509279e-05
1660,52,QCTRLTwineQFTLinear,2.853163611803959e-22
1661,52,QCTRLTwineQFTLinear,2.6086866416084558e-06
1662,52,QCTRLTwineQFTLinear,2.853163611803959e-22
1663,52,QCTRLTwineQFTLinear,2.6086866416084558e-06
1664,52,QCTRLTwineQFTLinear,7.826059924825364e-06
1665,52,QCTRLTwineQFTLinear,2.853163611803959e-22
1666,52,QCTRLTwineQFTLinear,2.853163611803959e-22
1667,52,QCTRLTwineQFTLinear,2.6086866416084558e-06
1668,52,QCTRLTwineQFTLinear,2.6086866416084558e-06
1669,52,QCTRLTwineQFTLinear,0.0
1670,52,QCTRLTwineQFTLinear,2.853163611803959e-22
1671,52,QCTRLTwineQFTLinear,0.0
1672,52,QCTRLTwineQFTLinear,2.853163611803959e-22
1673,52,QCTRLTwineQFTLinear,2.6086866416084558e-06
1674,52,QCTRLTwineQFTLinear,0.0
1675,52,QCTRLTwineQFTLinear,2.6086866416084558e-06
1676,52,QCTRLTwineQFTLinear,0.0
1677,52,QCTRLTwineQFTLinear,2.6086866416084558e-06
1678,52,QCTRLTwineQFTLinear,2.6086866416084558e-06
1679,52,QCTRLTwineQFTLinear,0.0
1680,54,QCTRLTwineQFTLinear,0.0
1681,54,QCTRLTwineQFTLinear,0.0
1682,54,QCTRLTwineQFTLinear,0.0
1683,54,QCTRLTwineQFTLinear,0.0
1684,54,QCTRLTwineQFTLinear,0.0
1685,54,QCTRLTwineQFTLinear,0.0
1686,54,QCTRLTwineQFTLinear,0.0
1687,54,QCTRLTwineQFTLinear,0.0
1688,54,QCTRLTwineQFTLinear,0.0
1689,54,QCTRLTwineQFTLinear,0.0
1690,54,QCTRLTwineQFTLinear,0.0
1691,54,QCTRLTwineQFTLinear,0.0
1692,54,QCTRLTwineQFTLinear,0.0
1693,54,QCTRLTwineQFTLinear,0.0
1694,54,QCTRLTwineQFTLinear,0.0
1695,54,QCTRLTwineQFTLinear,0.0
1696,54,QCTRLTwineQFTLinear,0.0
1697,54,QCTRLTwineQFTLinear,0.0
1698,54,QCTRLTwineQFTLinear,0.0
1699,54,QCTRLTwineQFTLinear,0.0
1700,56,QCTRLTwineQFTLinear,0.0
1701,56,QCTRLTwineQFTLinear,0.0
1702,56,QCTRLTwineQFTLinear,0.0
1703,56,QCTRLTwineQFTLinear,0.0
1704,56,QCTRLTwineQFTLinear,0.0
1705,56,QCTRLTwineQFTLinear,0.0
1706,56,QCTRLTwineQFTLinear,0.0
1707,56,QCTRLTwineQFTLinear,0.0
1708,56,QCTRLTwineQFTLinear,0.0
1709,56,QCTRLTwineQFTLinear,0.0
1710,56,QCTRLTwineQFTLinear,0.0
1711,56,QCTRLTwineQFTLinear,0.0
1712,56,QCTRLTwineQFTLinear,0.0
1713,56,QCTRLTwineQFTLinear,0.0
1714,56,QCTRLTwineQFTLinear,0.0
1715,56,QCTRLTwineQFTLinear,0.0
1716,56,QCTRLTwineQFTLinear,0.0
1717,56,QCTRLTwineQFTLinear,0.0
1718,56,QCTRLTwineQFTLinear,0.0
1719,56,QCTRLTwineQFTLinear,0.0
1720,58,QCTRLTwineQFTLinear,0.0
1721,58,QCTRLTwineQFTLinear,0.0
1722,58,QCTRLTwineQFTLinear,0.0
1723,58,QCTRLTwineQFTLinear,0.0
1724,58,QCTRLTwineQFTLinear,0.0
1725,58,QCTRLTwineQFTLinear,0.0
1726,58,QCTRLTwineQFTLinear,0.0
1727,58,QCTRLTwineQFTLinear,0.0
1728,58,QCTRLTwineQFTLinear,0.0
1729,58,QCTRLTwineQFTLinear,0.0
1730,58,QCTRLTwineQFTLinear,0.0
1731,58,QCTRLTwineQFTLinear,0.0
1732,58,QCTRLTwineQFTLinear,0.0
1733,58,QCTRLTwineQFTLinear,0.0
1734,58,QCTRLTwineQFTLinear,0.0
1735,58,QCTRLTwineQFTLinear,0.0
1736,58,QCTRLTwineQFTLinear,0.0
1737,58,QCTRLTwineQFTLinear,0.0
1738,58,QCTRLTwineQFTLinear,0.0
1739,58,QCTRLTwineQFTLinear,0.0
